Workbook

Sheet ĐỔI LINK IMPORTRANGE
A1: BẢNG ĐỔI LINK IMPORTRANGE — điền cột B rồi chạy "2. Bắt đầu thay thế"
A3: Link/Key GỐC (tự quét — đừng sửa) | B3: Link/Key THAY THẾ (bạn điền) | C3: Số ô đang dùng | D3: Vị trí (sheet!ô)
A4: 185W47XpkC4eZ2FKSbi1DoXxxlcyxtBBS9e7jlxfUMtE | B4: 185W47XpkC4eZ2FKSbi1DoXxxlcyxtBBS9e7jlxfUMtE | C4: 1 | D4: 1. DATA CHUNG!A1
A5: 1QhJTRnGJtBKZs2tC-q6M0AHpmJHVvWU0XHZcR72b8nM | B5: 185W47XpkC4eZ2FKSbi1DoXxxlcyxtBBS9e7jlxfUMtE | C5: 2 | D5: 2. DATA NL, VTBB!A1, DANH MUC ICARE!A2

Sheet 0.Ngân Hàng
A1: Tên TK thụ hưởng: | B1: Số TK thụ hưởng: | C1: Ngân hàng/Chi nhánh:
A2: CÔNG TY CỔ PHẦN VIỆT MỸ CẦN THƠ | B2: 111000293216 | C2: Vietcombank - CN Cần Thơ
A3: CÔNG TY TNHH THƯƠNG MẠI HIỀN PHAN LONG AN | B3: 1027554287 | C3: Ngân hàng Vietcombank
A4: CHI NHÁNH CÔNG TY TNHH SGN MIỀN NAM | B4: 37397989 | C4: Ngân hàng Techcombank
A5: CÔNG TY TNHH HOÁ SINH NTK | B5: 118002908288 | C5: Ngân Hàng Vietinbank - CN 4 - PGD Văn Thánh
A6: CÔNG TY TNHH VĨNH NAM ANH | B6: 3180355787 | C6: Ngân hàng Đầu Tư Và Phát Triển Việt Nam CN Hóc Môn
A7: CÔNG TY TNHH THƯƠNG MẠI HÓA CHẤT NAM BÌNH | B7: 80136159 | C7: NH TMCP Á Châu ( ACB Bank )
A8: CÔNG TY CỔ PHẦN CÔNG NGHỆ AQUADELTA | B8: 118002852200 | C8: Ngân hàng Vietinbank CN Cần Thơ
A9: CÔNG TY TNHH MÁY VÀ HÓA CHẤT TOÀN CẦU | B9: 6686333888 | C9: Ngân hàng TMCP Quân Đội (MB) Chi nhánh Hòa Lạc
A10: CÔNG TY TNHH NGUYÊN LIỆU NÔNG NGHIỆP MEKONG | B10: 209120169 | C10: Ngân hàng TMCP Á Châu - CN Sài Gòn
A11: CÔNG TY TNHH THỊNH PHÁT VI NA | B11: 60005959201 | C11: Ngân Hàng Sacombank
A12: CÔNG TY CỔ PHẦN MẠNH ĐAN | B12: 110637556789 | C12: Ngân hàng Vietinbank – CN Thủ Đức - PGD Metro
A13: CÔNG TY TNHH VẬT TƯ NÔNG NGHIỆP MIA | B13: 110634956789 | C13: Ngân hàng Vietinbank
... A38: CÔNG TY TNHH SẢN XUẤT BAO BÌ ĐÔNG BẮC | B38: 34560036 | C38: Ngân hàng TMCP Á Châu (ACB) - CN: Hóc Môn, Tp.HCM
A39: CÔNG TY CỔ PHẦN MEKONG LOGISTICS

Sheet MỤC LỤC-HƯỚNG DẪN
A1: STT | B1: TÊN | C1: PHÂN LOẠI | D1: MỤC TIÊU | E1: NỘI DUNG CHI TIẾT | F1: LINK | G1: Gợi ý góp ý | H1: Công việc cần thu mua xem | I1: Nhận xét từ NSPT Thu mua | J1: HƯỚNG DẪN
A2: 1 | B2: DATA CHUNG | C2: Chỉ xem | D2: Lấy dữ liệu đầu vào từ 1. DATA DỮ LIỆU ĐẦU VÀO TM | E2: Các dữ liệu liên quan đến NCC, NSPT, Kho nhận,.. các dữ liệu cố định sử dụng chọn trong sheet "THU MUA MS QUYÊN" - Bổ sung dữ liệu nếu muốn ( ví dụ: Thêm nhân sự Mr Hậu tại cột NSPT) | F2: 1. DATA CHUNG | G2: Data có thể chưa đúng, nhờ anh chị kiểm tra lại xem ngày quy định/loại vtbb, tên NCC, tên kho nhận,... | H2: Rà soát lại các danh mục về Ngày quy định, Loại VTBB, Tên NCC và Kho nhận,..... xem đã chuẩn xác chưa | I2: - Data 1, bổ sung thông tin, (ngưng giao dịch không nhập): * Các NCC/Kho nhận/ ĐV vận chuyển + Mr Hậu bổ sung NCC VTBB + Ms Quyên/Ms Dung/Mr Tiên phụ trách NCC nào thì bổ sung vào nếu thiếu => Deadline: Hậu_hết ngày 7/3; Ms Quyên (NL trong nước) 10/3; Ms Dung (nhãn mác) 9/3; Mr Tiên 10/3. * Các thời gian quy định: cập nhật ngày quy định và phân loại - PHÂN LOẠI VTBB sẽ là cick chọn theo data có sẵn (nhãn, nhãn túi, túi trục,...) để chạy ngày quy định hợp lý hơn
A3: 2 | B3: DATA NL, VTBB | C3: Chỉ xem | D3: Lấy dữ liệu đầu vào | E3: Dữ liệu tổng VTBB - lấy dữ liệu từ Ms Ly Dữ liệu tổng NL - lấy dữ liệu từ Ms Ngân (đang đồng bộ ktoan) | F3: 2. DATA NL, VTBB | G3: Này chạy công thức từ Data Ms Ly và Ms Ngân, nên anh chị có thể bỏ qua
A4: 3 | B4: KHẢO SÁT, LẤY MẪU ĐÁNH GIÁ NCC | C4: Nhập liệu | D4: Dùng cho công việc khảo sát, đánh giá NCC & lưu trữ thông tin nội bộ | E4: - Xoay quanh thông tin NCC | F4: 3. KHẢO SÁT, LẤY MẪU ĐÁNH GIÁ NCC | J4: - Chụp hình/ xuất PDF gửi trình duyệt vào group GVSX từng cá nhân - QL duyệt + yêu cầu trên sheet
A5: 4 | B5: KHẢO SÁT, LẤY MẪU ĐÁNH GIÁ SP | C5: Nhập liệu | D5: Dùng cho công việc khảo sát, đánh giá sản phẩm & lưu trữ thông tin nội bộ | E5: - Xoay quanh thông tin Sản phẩm. các thông tin NCC tự động chạy từ mục 2.1 qua | F5: 4. KHẢO SÁT, LẤY MẪU ĐÁNH GIÁ SP | J5: - Chụp hình/ xuất PDF gửi trình duyệt vào group GVSX từng cá nhân - QL duyệt + yêu cầu trên sheet
A6: 5 | B6: QUY ĐỔI ĐVT NCC | C6: Nhập liệu | D6: Quy đổi về cùng ĐVT dùng trong đối chiếu giá giữa các NCC | E6: - Công cụ hỗ trợ tính quy đổi ĐVT của sản phẩm từ NCC qua ĐVT công ty. Và giá trên ĐVT đã quy đổi | F6: 5. QUY ĐỔI ĐVT NCC
A7: 6 | B7: TIẾN ĐỘ MUA HÀNG | C7: Nhập liệu | D7: Nhập liệu và lưu trữ thông tin nội bộ | E7: - Thu mua nhận thông tin từ các bộ phận, nhập/chọn vào các trường tương ứng của cột/dòng tại Sheet THU MUA MS QUYÊN. - Các trường dữ liệu có công thức sẽ tự động chạy thông tin cho bạn, đảm bảo tính chính xác bạn kiểm tra lại thông tin, nghi ngờ sai dữ liệu thì hỏi lại Quản lý tồn kho VTBB/NL - Trường hợp giao nhiều lần: Bạn sẽ copy, thêm và dán dòng mới, sau đó chỉ cần nhập số lần nhận (tại cột X) và các thông tin liên quan đến lần giao đó như số lượng, kho nhận. Tương tự khi KD yêu cầu chia thành 2 đợt nhận. - Trường hợp HỦY/NGƯNG, bạn cập nhật tại cột trạng thái cùng ghi chú lý do cột ghi chú, mục đích lưu lại lịch sử khi cần tra cứu. - Lưu ý: không được hợp nhất dòng, ô, cột sẽ ảnh hưởng đến báo cáo tự động | F7: 6. TIẾN ĐỘ MUA HÀNG | G7: Mỗi NS thu mua sẽ là 1 link Drive riêng Các tiêu đề cột, còn thiếu dữ liệu nào không? Từ sheet này sẽ cho ra các báo cáo tự động => Anh/Chị muốn bỏ báo cáo nào hay giữ lại hết, thêm báo cáo loại nào ? | H7: Các trường dữ liệu hiện tại đã đủ để lên một đơn hàng hoàn chỉnh chưa? Có cần bổ sung cột nào không | I7: - Tiêu đề không in hoa - BP Đặt Hàng/ Cá Nhân - Tên tiêu đề điều chỉnh ( VTBB/NL) Điều chỉnh thứ tự cột: - Mr Tiên: Số lượng yêu cầu trước cột số lượng đặt và cột số kiện hàng gần nhau - Báo cáo giải thích chi tiết ai cần thì để báo cáo xem, Từ ngày tiếp nhận +3 ngày đến ngày đó thông báo KD - Báo cáo cuối ngày trích báo cáo cho BP yêu cầu / Cho Kho Dego 15h - Lấy dữ liệu copy cũ qua từ ngày 1/1/2026 NSPT
A8: 7 | B8: PO GỬI NHÀ CUNG CẤP | C8: Nhập mã | D8: Tạo đơn đặt hàng gửi NCC | E8: - Đơn đặt hàng, nhập các dữ liệu cần thiết thông tin tự động điền | F8: 7. PO GỬI NCC | J8: - Copy mã DMH, in trình ký QL=> gửi NCC
A9: 8 | B9: THEO DÕI CHI NCC | C9: Nhập liệu | D9: Ghi nhận thông tin về việc dự chi, tạm ứng, chi thực tế cho NCC Tổng hợp báo cáo dự chi, tạm ứng, thực chi, hoàn ứng cho từng đơn hàng theo từng lần nhận" | F9: 8. THEO DÕI CHI NC | H9: Từ dữ liệu đầu vào sheet '1. Thu mua ms Quyên', em đang cho chạy ra 6 báo cáo tự động. Anh/Chị xem có cần thêm/bớt loại báo cáo nào để phục vụ quản lý tốt hơn không ạ | J9: - Nhập đầy đủ phát sinh - Nếu không khớp với giấy thanh toán thì không được duyệt
A10: 9 | B10: ĐÁNH GIÁ HỢP ĐỒNG | C10: Nhập liệu | D10: Đánh giá sơ bộ Hợp đồng và ghi chú lại các vấn đề cần lưu ý | F10: 9. ĐÁNH GIÁ HỢP ĐỒNG | J10: Nhập và in, ký trình QL kèm: - Hợp đồng nguyên bản - Hợp đồng sau sửa
A11: 10 | B11: ĐỐI CHIẾU CÔNG NỢ | C11: Nhập liệu | D11: Nhập liệu và thực hiện đối chiếu công nợ định kỳ với NCC theo quy định | F11: 10. ĐỐI CHIẾU CÔNG NỢ | J11: - Nhận BB đối chiếu từ NCC - Thực hiện đối chiếu phát sinh tăng, giảm với dữ liệu Misa => Nhập lên Drive và in trình ký QL trước ngày 12 hằng tháng Phân loại theo nhóm: 1 Công nợ NCC 2.10 Lãi trả chậm
A12: 11 | B12: BÁO CÁO TIẾN ĐỘ ĐƠN MUA HÀNG | C12: Chỉ xem | D12: Kiểm soát tiến độ đơn hàng | E12: - Từ sheet THU MUA MS QUYÊN, dữ liệu chạy tự động báo cáo gồm thời gian đặt hàng, mua hàng, số lần nhận hàng, số lần, ghi chú, trạng thái đơn hàng... - Có cảnh báo Trước 3 ngày/trễ hẹn : + Ngày NCC dự kiến giao + Ngày KD yêu cầu + Đã nhận hàng chưa có hóa đơn => thông báo đến các bộ phận Kho, KD, nộp chứng từ kế toán Ngoài lọc thủ công có dòng tra cứu nhanh trả kết quả, nhập Đơn Misa hiển thị ngày giao (mục đích xác định ngày nhận hàng nếu các bộ phận hỏi) | F12: 11. BÁO CÁO TIẾN ĐỘ ĐƠN MUA HÀNG | J12: Làm theo hướng dẫn trên sheet
A13: 12 | B13: BÁO CÁO NSPT | C13: Chỉ xem | D13: Thống kê số đơn hàng xử lý và tiến độ ĐH trên từng nhân sự | E13: - Từ sheet THU MUA MS QUYÊN, dữ liệu chạy tự động báo cáo gồm các thông tin liên quan: + Tổng số đơn hàng mà nhân sự thu mua + Có bao nhiêu đơn trễ tiến độ (theo ngày quy định) + Tỷ lệ trễ | F13: 12. BÁO CÁO NSPT | J13: Làm theo hướng dẫn trên sheet
A14: 13 | B14: BÁO CÁO PHÂN LOẠI VTBB/NL | C14: Chỉ xem | D14: Tần suất mua các loại VTBB/NL + chi phí | E14: - Từ sheet THU MUA MS QUYÊN, dữ liệu chạy tự động báo cáo gồm các thông tin liên quan: + Tần suất mua hàng của loại VTBB/NL đó trong 1 tháng/năm + Chi phí mua loại VTBB/NL trong 1 tháng/năm | F14: 13. BÁO CÁO PHÂN LOẠI VTBB/NL | J14: Làm theo hướng dẫn trên sheet
A15: 14 | B15: BÁO CÁO NCC | C15: Chỉ xem | D15: Tần suất giao dịch và tỷ lệ trễ đơn trên từng NCC | E15: - Từ sheet THU MUA MS QUYÊN, dữ liệu chạy tự động báo cáo gồm các thông tin liên quan : + Tần xuất giao dịch đối với NCC trong tháng trong năm + Có bao nhiêu đơn NCC trễ tiến độ (theo ngày NCC dự kiến so với ngày nhận hàng thực tế) + Tỷ lệ trễ | F15: 14. BÁO CÁO NCC | J15: Làm theo hướng dẫn trên sheet
A16: 15 | B16: BÁO CÁO BỘ PHẬN | C16: Chỉ xem | D16: Tấn suất đặt hàng của các BP yêu cầu và tỷ lệ gấp so với thời gian quy định | E16: - Từ sheet THU MUA MS QUYÊN, dữ liệu chạy tự động báo cáo gồm các thông tin liên quan đến chành và giao hàng chành: + Tần suất BP đó đặt hàng + Có bao nhiêu đơn yêu cầu gấp trước thời gian trả đơn (theo ngày quy định) + Tỷ lệ gấp | F16: 15. BÁO CÁO BỘ PHẬN | J16: Làm theo hướng dẫn trên sheet
A17: 16 | B17: BÁO CÁO CHI PHÍ VẬN CHUYỂN | C17: Chỉ xem | D17: Đánh giá các chỉ số liên quan đến đơn vị vận chuyển | E17: - Từ sheet THU MUA MS QUYÊN, dữ liệu chạy tự động báo cáo gồm các thông tin liên quan đến vận chuyển và giao hàng chành: Ngoài lọc thủ công có dòng tra cứu nhanh trả kết quả + Chi phí Chành + Tần suất Chành + Tỷ lệ chi phí Chành/Đơn hàng + Tỷ lệ tổng chi phí Chành/tổng Đơn hàng | F17: 16. BÁO CÁO CHI PHÍ VẬN CHUYỂN | J17: Làm theo hướng dẫn trên sheet
A19: I. | B19: YÊU CẦU KHÁC
B20: Không đổi tên sheet
B21: Không chèn cột ở giữa, chỉ được thêm cột cuối
B22: Nhân sự tự chịu trách nhiệm nếu sót yêu cầu đến khi triển khai cách thức tiếp nhận đầu vào
B23: Nếu bộ phận yêu cầu cần trả kết quả theo form khác thì phải được duyệt trong Drive này sau đó thu mua chuyển đổi dữ liệu vào form bộ phận yêu cầu
A25: II. | B25: CẤU TRÚC XÂY FOLDER LƯU TRỮ | C25: 5. Nhóm thu mua
B27: CẤP MỤC | C27: FOLDER | D27: HƯỚNG DẪN ĐẶT TÊN | E27: VÍ DỤ
B28: MỤC CẤP 1 | C28: NHÀ CUNG CẤP | D28: STT-Tên viết tắc NCC STT: 2 số | E28: 01- ĐÔNG TÂY
B30: MỤC CẤP 2 | C30: PO | D30: PO-Tên viết tắc NCC | E30: PO-ĐÔNG TÂY
B31: MỤC CẤP 3 | C31: MÃ ĐƠN MUA HÀNG | D31: MÃ ĐƠN MUA HÀNG | E31: DMH0001
B32: FILE LƯU | C32: 1. PHIẾU ĐỀ NGHỊ NHẬP KHO 2. COA, PHIẾU KIỂM CHẤT LƯỢNG 3. ĐƠN MUA HÀNG 4. HÌNH ẢNH HÀNG 5. PHIẾU NHẬP KHO KHO NHẬN 6. PHIẾU XUẤT KHO NCC 7. HỢP ĐỒNG RIÊNG THEO TỪNG PO | D32: DMH0001-TÊN HỒ SƠ | E32: DMH0001-PDN NHẬP KHO
B34: MỤC CẤP 2 | C34: BÁO GIÁ | D34: BÁO GIÁ-Tên viết tắc NCC | E34: BÁO GIÁ-ĐÔNG TÂY
B35: FILE LƯU | C35: CÁC LẦN BÁO GIÁ | D35: BG&STT-dd.mm.yyyy STT: 2 số | E35: BG01-25.03.2026
B38: MỤC CẤP 2 | C38: BB ĐỐI CHIẾU CÔNG NỢ | D38: BB ĐỐI CHIẾU CÔNG NỢ-Tên viết tắc NCC | E38: BB ĐỐI CHIẾU CÔNG NỢ-ĐÔNG TÂY
B39: FILE LƯU | C39: CÁC LẦN ĐỐI CHIẾU CÔNG NỢ | D39: CN&STT-dd.mm.yyyy STT: 2 số | E39: CN01-10.03.2026
B41: MỤC CẤP 2 | C41: HỢP ĐỒNG | D41: HỢP ĐỒNG-Tên viết tắc NCC | E41: HỢP ĐỒNG-ĐÔNG TÂY
B42: FILE LƯU | C42: CÁC LẦN HỢP ĐỒNG NĂM | D42: HĐ&STT-dd.mm.yyyy STT: 2 số | E42: HĐ01-10.03.2026
B44: MỤC CẤP 2 | C44: PHÁP LÝ KHÁC | D44: PHÁP LÝ KHÁC-Tên viết tắc NCC | E44: PHÁP LÝ KHÁC-ĐÔNG TÂY
... B47: MỤC CẤP 1 | C47: SO SÁNH NCC, SẢN PHẨM | D47: MÃ PHIẾU YÊU CẦU-PHÂN LOẠI-TÊN NHÂN VIÊN | E47: PYC.ABA.01.250326-THÙNG-MR. TIÊN

Sheet 1. DATA CHUNG
A1: =IFERROR(__xludf.DUMMYFUNCTION("IMPORTRANGE(""185W47XpkC4eZ2FKSbi1DoXxxlcyxtBBS9e7jlxfUMtE"", ""DATA CHUNG!$A:$AK"")"),"Liên hệ QL update data dữ liệu") -> Liên hệ QL update data dữ liệu | I1: =IFERROR(__xludf.DUMMYFUNCTION("""COMPUTED_VALUE"""),"Phát sinh từ deal với NCC -> thông báo với các bộ phận yêu cầu có liên quan") -> Phát sinh từ deal với NCC -> thông báo với các bộ phận yêu cầu có liên quan | Y1: =IFERROR(__xludf.DUMMYFUNCTION("""COMPUTED_VALUE"""),"Ms Ly bổ sung đầy đủ lại") -> Ms Ly bổ sung đầy đủ lại
A2: =IFERROR(__xludf.DUMMYFUNCTION("""COMPUTED_VALUE"""),"Nếu THương hiệu thì phải có mã KD đầu") -> Nếu THương hiệu thì phải có mã KD đầu | I2: =IFERROR(__xludf.DUMMYFUNCTION("""COMPUTED_VALUE"""),"Danh sách này không được điều chỉnh chỉ được bổ sung thêm") -> Danh sách này không được điều chỉnh chỉ được bổ sung thêm | J2: =IFERROR(__xludf.DUMMYFUNCTION("""COMPUTED_VALUE"""),"Đã bao gồm thủ tục thanh toán nếu phải thanh toán trước Tính từ ngày tiếp nhận yêu cầu đến ngày có hàng ở kho yêu cầu") -> Đã bao gồm thủ tục thanh toán nếu phải thanh toán trước Tính từ ngày tiếp nhận yêu cầu đến ngày có hàng ở kho yêu cầu | L2: =IFERROR(__xludf.DUMMYFUNCTION("""COMPUTED_VALUE"""),"Ngày update quy định mới") -> Ngày update quy định mới | M2: =IFERROR(__xludf.DUMMYFUNCTION("""COMPUTED_VALUE"""),"TRUE: có sẵn FALSE: không có sẵn") -> TRUE: có sẵn FALSE: không có sẵn | T2: =IFERROR(__xludf.DUMMYFUNCTION("""COMPUTED_VALUE"""),"Nhà cung cấp VTBB, NL") -> Nhà cung cấp VTBB, NL | Y2: =IFERROR(__xludf.DUMMYFUNCTION("""COMPUTED_VALUE"""),"NCC gia công nhận VTBB") -> NCC gia công nhận VTBB
A3: =IFERROR(__xludf.DUMMYFUNCTION("""COMPUTED_VALUE"""),"TÊN VIẾT TẮT THƯƠNG HIỆU") -> TÊN VIẾT TẮT THƯƠNG HIỆU | B3: =IFERROR(__xludf.DUMMYFUNCTION("""COMPUTED_VALUE"""),"BP ĐẶT HÀNG/ CÁ NHÂN") -> BP ĐẶT HÀNG/ CÁ NHÂN | D3: =IFERROR(__xludf.DUMMYFUNCTION("""COMPUTED_VALUE"""),"VIẾT TẮT CÔNG TY LẤY HÓA ĐƠN") -> VIẾT TẮT CÔNG TY LẤY HÓA ĐƠN | E3: =IFERROR(__xludf.DUMMYFUNCTION("""COMPUTED_VALUE"""),"TÊN ĐẦY ĐỦ CÔNG TY LẤY HÓA ĐƠN") -> TÊN ĐẦY ĐỦ CÔNG TY LẤY HÓA ĐƠN | F3: =IFERROR(__xludf.DUMMYFUNCTION("""COMPUTED_VALUE"""),"ĐỊA CHỈ CÔNG TY LẤY HÓA ĐƠN") -> ĐỊA CHỈ CÔNG TY LẤY HÓA ĐƠN | G3: =IFERROR(__xludf.DUMMYFUNCTION("""COMPUTED_VALUE"""),"MST CTY LẤY HÓA ĐƠN") -> MST CTY LẤY HÓA ĐƠN | I3: =IFERROR(__xludf.DUMMYFUNCTION("""COMPUTED_VALUE"""),"PHÂN LOẠI VTBB") -> PHÂN LOẠI VTBB | J3: =IFERROR(__xludf.DUMMYFUNCTION("""COMPUTED_VALUE"""),"THỜI GIAN QUY ĐỊNH (Ngày)") -> THỜI GIAN QUY ĐỊNH (Ngày) | K3: =IFERROR(__xludf.DUMMYFUNCTION("""COMPUTED_VALUE"""),"GHI CHÚ") -> GHI CHÚ | L3: =IFERROR(__xludf.DUMMYFUNCTION("""COMPUTED_VALUE"""),"NGÀY ÁP DỤNG") -> NGÀY ÁP DỤNG | M3: =IFERROR(__xludf.DUMMYFUNCTION("""COMPUTED_VALUE"""),"QUY ĐỊNH THEO CÓ SẴN NCC") -> QUY ĐỊNH THEO CÓ SẴN NCC | O3: =IFERROR(__xludf.DUMMYFUNCTION("""COMPUTED_VALUE"""),"ĐVT VTBB/NL") -> ĐVT VTBB/NL | Q3: =IFERROR(__xludf.DUMMYFUNCTION("""COMPUTED_VALUE"""),"TRẠNG THÁI") -> TRẠNG THÁI | R3: =IFERROR(__xludf.DUMMYFUNCTION("""COMPUTED_VALUE"""),"ĐỊNH NGHĨA") -> ĐỊNH NGHĨA | T3: =IFERROR(__xludf.DUMMYFUNCTION("""COMPUTED_VALUE"""),"NCC") -> NCC | U3: =IFERROR(__xludf.DUMMYFUNCTION("""COMPUTED_VALUE"""),"NCC (VIẾT TẮT)") -> NCC (VIẾT TẮT) | V3: =IFERROR(__xludf.DUMMYFUNCTION("""COMPUTED_VALUE"""),"ĐỊA CHỈ NCC") -> ĐỊA CHỈ NCC | W3: =IFERROR(__xludf.DUMMYFUNCTION("""COMPUTED_VALUE"""),"MST NCC") -> MST NCC | Y3: =IFERROR(__xludf.DUMMYFUNCTION("""COMPUTED_VALUE"""),"TÊN PHÁP LÝ KHO NHẬN") -> TÊN PHÁP LÝ KHO NHẬN | Z3: =IFERROR(__xludf.DUMMYFUNCTION("""COMPUTED_VALUE"""),"KHO NHẬN (VIẾT TẮT)") -> KHO NHẬN (VIẾT TẮT) | AA3: =IFERROR(__xludf.DUMMYFUNCTION("""COMPUTED_VALUE"""),"ĐỊA CHỈ KHO NHẬN") -> ĐỊA CHỈ KHO NHẬN | AC3: =IFERROR(__xludf.DUMMYFUNCTION("""COMPUTED_VALUE"""),"ĐƠN VỊ VẬN CHUYỂN") -> ĐƠN VỊ VẬN CHUYỂN | AE3: =IFERROR(__xludf.DUMMYFUNCTION("""COMPUTED_VALUE"""),"ĐVT VC") -> ĐVT VC | AG3: =IFERROR(__xludf.DUMMYFUNCTION("""COMPUTED_VALUE"""),"NSPT") -> NSPT | AI3: =IFERROR(__xludf.DUMMYFUNCTION("""COMPUTED_VALUE"""),"VAT") -> VAT | AK3: =IFERROR(__xludf.DUMMYFUNCTION("""COMPUTED_VALUE"""),"HÌNH THỨC THANH TOÁN CỦA NCC") -> HÌNH THỨC THANH TOÁN CỦA NCC
A4: =IFERROR(__xludf.DUMMYFUNCTION("""COMPUTED_VALUE"""),"NM") -> NM | B4: =IFERROR(__xludf.DUMMYFUNCTION("""COMPUTED_VALUE"""),"Nhà máy Dego") -> Nhà máy Dego | D4: =IFERROR(__xludf.DUMMYFUNCTION("""COMPUTED_VALUE"""),"DEGO HOLDING") -> DEGO HOLDING | E4: =IFERROR(__xludf.DUMMYFUNCTION("""COMPUTED_VALUE"""),"CÔNG TY TNHH DEGO HOLDING") -> CÔNG TY TNHH DEGO HOLDING | F4: =IFERROR(__xludf.DUMMYFUNCTION("""COMPUTED_VALUE"""),"B19 đường dẫn cầu Cần Thơ, QL1A, Khu dân cư Trung tâm văn hóa Tây Đô, Phường Cái Răng, Thành phố Cần Thơ, Việt Nam.") -> B19 đường dẫn cầu Cần Thơ, QL1A, Khu dân cư Trung tâm văn hóa Tây Đô, Phường Cái Răng, Thành phố Cần Thơ, Việt Nam. | G4: =IFERROR(__xludf.DUMMYFUNCTION("""COMPUTED_VALUE"""),"1801722464") -> 1801722464 | I4: =IFERROR(__xludf.DUMMYFUNCTION("""COMPUTED_VALUE"""),"Nhãn") -> Nhãn | J4: =IFERROR(__xludf.DUMMYFUNCTION("""COMPUTED_VALUE"""),7.0) -> 7 | L4: =IFERROR(__xludf.DUMMYFUNCTION("""COMPUTED_VALUE"""),46082.0) -> 46082 | O4: =IFERROR(__xludf.DUMMYFUNCTION("""COMPUTED_VALUE"""),"Cái") -> Cái | Q4: =IFERROR(__xludf.DUMMYFUNCTION("""COMPUTED_VALUE"""),"Chưa đặt hàng") -> Chưa đặt hàng | R4: =IFERROR(__xludf.DUMMYFUNCTION("""COMPUTED_VALUE"""),"Đã tiếp nhận đơn hàng từ BP/người yêu cầu - Chưa gửi đơn hàng cho NCC") -> Đã tiếp nhận đơn hàng từ BP/người yêu cầu - Chưa gửi đơn hàng cho NCC | T4: =IFERROR(__xludf.DUMMYFUNCTION("""COMPUTED_VALUE"""),"CÔNG TY TNHH SẢN XUẤT THƯƠNG MẠI BAO BÌ CẨM HÙNG") -> CÔNG TY TNHH SẢN XUẤT THƯƠNG MẠI BAO BÌ CẨM HÙNG | U4: =IFERROR(__xludf.DUMMYFUNCTION("""COMPUTED_VALUE"""),"Cẩm Hùng") -> Cẩm Hùng | V4: =IFERROR(__xludf.DUMMYFUNCTION("""COMPUTED_VALUE"""),"số 37, đường B11, KDC 91B, Phường Tân An, Thành phố Cần Thơ, Việt Nam") -> số 37, đường B11, KDC 91B, Phường Tân An, Thành phố Cần Thơ, Việt Nam | W4: =IFERROR(__xludf.DUMMYFUNCTION("""COMPUTED_VALUE"""),"1801778241") -> 1801778241 | Y4: =IFERROR(__xludf.DUMMYFUNCTION("""COMPUTED_VALUE"""),"CÔNG TY CỔ PHẦN AGAMA") -> CÔNG TY CỔ PHẦN AGAMA | Z4: =IFERROR(__xludf.DUMMYFUNCTION("""COMPUTED_VALUE"""),"Agama") -> Agama | AA4: =IFERROR(__xludf.DUMMYFUNCTION("""COMPUTED_VALUE"""),"Lô 2, Đường số 2, Cụm Công nghiệp Đức Thuận, Ấp Tràm Lạc, Xã Mỹ Hạnh Bắc, Huyện Đức Hoà, Tỉnh Long An, Việt Nam") -> Lô 2, Đường số 2, Cụm Công nghiệp Đức Thuận, Ấp Tràm Lạc, Xã Mỹ Hạnh Bắc, Huyện Đức Hoà, Tỉnh Long An, Việt Nam | AC4: =IFERROR(__xludf.DUMMYFUNCTION("""COMPUTED_VALUE"""),"Mekong Logistics") -> Mekong Logistics | AE4: =IFERROR(__xludf.DUMMYFUNCTION("""COMPUTED_VALUE"""),"Kiện") -> Kiện | AG4: =IFERROR(__xludf.DUMMYFUNCTION("""COMPUTED_VALUE"""),"Ms Quyên") -> Ms Quyên | AI4: =IFERROR(__xludf.DUMMYFUNCTION("""COMPUTED_VALUE"""),0.05) -> 0.05 | AK4: =IFERROR(__xludf.DUMMYFUNCTION("""COMPUTED_VALUE"""),"Công nợ 60 ngày") -> Công nợ 60 ngày
A5: =IFERROR(__xludf.DUMMYFUNCTION("""COMPUTED_VALUE"""),"SX") -> SX | B5: =IFERROR(__xludf.DUMMYFUNCTION("""COMPUTED_VALUE"""),"SX - Ms Ly") -> SX - Ms Ly | D5: =IFERROR(__xludf.DUMMYFUNCTION("""COMPUTED_VALUE"""),"IDA") -> IDA | E5: =IFERROR(__xludf.DUMMYFUNCTION("""COMPUTED_VALUE"""),"CÔNG TY TNHH XUẤT NHẬP KHẨU IDA GLOBAL") -> CÔNG TY TNHH XUẤT NHẬP KHẨU IDA GLOBAL | F5: =IFERROR(__xludf.DUMMYFUNCTION("""COMPUTED_VALUE"""),"68 Nguyễn Huệ, Phường Sài Gòn, Thành phố Hồ Chí Minh, Việt Nam") -> 68 Nguyễn Huệ, Phường Sài Gòn, Thành phố Hồ Chí Minh, Việt Nam | G5: =IFERROR(__xludf.DUMMYFUNCTION("""COMPUTED_VALUE"""),"0314562909") -> 0314562909 | I5: =IFERROR(__xludf.DUMMYFUNCTION("""COMPUTED_VALUE"""),"Nhãn Metalize") -> Nhãn Metalize | J5: =IFERROR(__xludf.DUMMYFUNCTION("""COMPUTED_VALUE"""),12.0) -> 12 | L5: =IFERROR(__xludf.DUMMYFUNCTION("""COMPUTED_VALUE"""),46082.0) -> 46082 | O5: =IFERROR(__xludf.DUMMYFUNCTION("""COMPUTED_VALUE"""),"Bộ") -> Bộ | Q5: =IFERROR(__xludf.DUMMYFUNCTION("""COMPUTED_VALUE"""),"Đã đặt hàng") -> Đã đặt hàng | R5: =IFERROR(__xludf.DUMMYFUNCTION("""COMPUTED_VALUE"""),"Đã gửi đơn hàng cho NCC") -> Đã gửi đơn hàng cho NCC | T5: =IFERROR(__xludf.DUMMYFUNCTION("""COMPUTED_VALUE"""),"CÔNG TY TNHH SẢN XUẤT BAO BÌ ĐÔNG TÂY") -> CÔNG TY TNHH SẢN XUẤT BAO BÌ ĐÔNG TÂY | U5: =IFERROR(__xludf.DUMMYFUNCTION("""COMPUTED_VALUE"""),"Đông Tây") -> Đông Tây | V5: =IFERROR(__xludf.DUMMYFUNCTION("""COMPUTED_VALUE"""),"0827/3 Đường Võ Thị Thừa, Khu phố 3, Phường An Phú Đông, Quận 12, Thành phố Hồ Chí Minh, Việt Nam") -> 0827/3 Đường Võ Thị Thừa, Khu phố 3, Phường An Phú Đông, Quận 12, Thành phố Hồ Chí Minh, Việt Nam | W5: =IFERROR(__xludf.DUMMYFUNCTION("""COMPUTED_VALUE"""),"0316254811") -> 0316254811 | Y5: =IFERROR(__xludf.DUMMYFUNCTION("""COMPUTED_VALUE"""),"CÔNG TY CỔ PHẦN HÓA CHẤT NÔNG NGHIỆP HÀ LONG") -> CÔNG TY CỔ PHẦN HÓA CHẤT NÔNG NGHIỆP HÀ LONG | Z5: =IFERROR(__xludf.DUMMYFUNCTION("""COMPUTED_VALUE"""),"Hà Long") -> Hà Long | AA5: =IFERROR(__xludf.DUMMYFUNCTION("""COMPUTED_VALUE"""),"Lô A 204, Khu công nghiệp Thái Hòa , Xã Đức Lập Hạ, Huyện Đức Hoà, Tỉnh Long An, Việt Nam") -> Lô A 204, Khu công nghiệp Thái Hòa , Xã Đức Lập Hạ, Huyện Đức Hoà, Tỉnh Long An, Việt Nam | AC5: =IFERROR(__xludf.DUMMYFUNCTION("""COMPUTED_VALUE"""),"Sang Giàu") -> Sang Giàu | AE5: =IFERROR(__xludf.DUMMYFUNCTION("""COMPUTED_VALUE"""),"Chuyến") -> Chuyến | AG5: =IFERROR(__xludf.DUMMYFUNCTION("""COMPUTED_VALUE"""),"Mr Tiên") -> Mr Tiên | AI5: =IFERROR(__xludf.DUMMYFUNCTION("""COMPUTED_VALUE"""),0.08) -> 0.08 | AK5: =IFERROR(__xludf.DUMMYFUNCTION("""COMPUTED_VALUE"""),"Thanh toán 100% khi nhận hàng") -> Thanh toán 100% khi nhận hàng
A6: =IFERROR(__xludf.DUMMYFUNCTION("""COMPUTED_VALUE"""),"LAB") -> LAB | B6: =IFERROR(__xludf.DUMMYFUNCTION("""COMPUTED_VALUE"""),"Lab") -> Lab | D6: =IFERROR(__xludf.DUMMYFUNCTION("""COMPUTED_VALUE"""),"ABA") -> ABA | E6: =IFERROR(__xludf.DUMMYFUNCTION("""COMPUTED_VALUE"""),"CÔNG TY TNHH SẢN XUẤT HÓA CHẤT ABA") -> CÔNG TY TNHH SẢN XUẤT HÓA CHẤT ABA | F6: =IFERROR(__xludf.DUMMYFUNCTION("""COMPUTED_VALUE"""),"108 Trần Đình Xu, Phường Cầu Ông Lãnh, Thành phố Hồ Chí Minh, Việt Nam") -> 108 Trần Đình Xu, Phường Cầu Ông Lãnh, Thành phố Hồ Chí Minh, Việt Nam | G6: =IFERROR(__xludf.DUMMYFUNCTION("""COMPUTED_VALUE"""),"0316342296") -> 0316342296 | I6: =IFERROR(__xludf.DUMMYFUNCTION("""COMPUTED_VALUE"""),"Nhãn Thùng") -> Nhãn Thùng | J6: =IFERROR(__xludf.DUMMYFUNCTION("""COMPUTED_VALUE"""),7.0) -> 7 | L6: =IFERROR(__xludf.DUMMYFUNCTION("""COMPUTED_VALUE"""),46082.0) -> 46082 | O6: =IFERROR(__xludf.DUMMYFUNCTION("""COMPUTED_VALUE"""),"Kg") -> Kg | Q6: =IFERROR(__xludf.DUMMYFUNCTION("""COMPUTED_VALUE"""),"Đã gửi ĐMH cho KT") -> Đã gửi ĐMH cho KT | R6: =IFERROR(__xludf.DUMMYFUNCTION("""COMPUTED_VALUE"""),"Đã gửi bảng giấy ĐMH cho kế toán") -> Đã gửi bảng giấy ĐMH cho kế toán | T6: =IFERROR(__xludf.DUMMYFUNCTION("""COMPUTED_VALUE"""),"CÔNG TY TNHH QUẢNG CÁO MỘC ẤN") -> CÔNG TY TNHH QUẢNG CÁO MỘC ẤN | U6: =IFERROR(__xludf.DUMMYFUNCTION("""COMPUTED_VALUE"""),"Mộc Ấn") -> Mộc Ấn | V6: =IFERROR(__xludf.DUMMYFUNCTION("""COMPUTED_VALUE"""),"368/12 Đường TTH21, Khu phố 3, Phường Tân Thới Hiệp, Quận 12, Thành phố Hồ Chí Minh, Việt Nam") -> 368/12 Đường TTH21, Khu phố 3, Phường Tân Thới Hiệp, Quận 12, Thành phố Hồ Chí Minh, Việt Nam | W6: =IFERROR(__xludf.DUMMYFUNCTION("""COMPUTED_VALUE"""),"0312214688") -> 0312214688 | Y6: =IFERROR(__xludf.DUMMYFUNCTION("""COMPUTED_VALUE"""),"CÔNG TY CỔ PHẦN PHÂN BÓN QUỐC TẾ ÂU VIỆT (CÔNG TY CP EVF)") -> CÔNG TY CỔ PHẦN PHÂN BÓN QUỐC TẾ ÂU VIỆT (CÔNG TY CP EVF) | Z6: =IFERROR(__xludf.DUMMYFUNCTION("""COMPUTED_VALUE"""),"Âu Việt") -> Âu Việt | AA6: =IFERROR(__xludf.DUMMYFUNCTION("""COMPUTED_VALUE"""),"Quốc lộ 1A, Ấp Long An B, Thị Trấn Cái Tắc, Huyện Châu Thành A, Tỉnh Hậu Giang, Việt Nam") -> Quốc lộ 1A, Ấp Long An B, Thị Trấn Cái Tắc, Huyện Châu Thành A, Tỉnh Hậu Giang, Việt Nam | AC6: =IFERROR(__xludf.DUMMYFUNCTION("""COMPUTED_VALUE"""),"Trần Quyên") -> Trần Quyên | AE6: =IFERROR(__xludf.DUMMYFUNCTION("""COMPUTED_VALUE"""),"m²") -> m² | AG6: =IFERROR(__xludf.DUMMYFUNCTION("""COMPUTED_VALUE"""),"Ms Dung") -> Ms Dung | AI6: =IFERROR(__xludf.DUMMYFUNCTION("""COMPUTED_VALUE"""),0.1) -> 0.1 | AK6: =IFERROR(__xludf.DUMMYFUNCTION("""COMPUTED_VALUE"""),"Công nợ 30 ngày") -> Công nợ 30 ngày
A7: =IFERROR(__xludf.DUMMYFUNCTION("""COMPUTED_VALUE"""),"AB") -> AB | B7: =IFERROR(__xludf.DUMMYFUNCTION("""COMPUTED_VALUE"""),"KD ABA") -> KD ABA | D7: =IFERROR(__xludf.DUMMYFUNCTION("""COMPUTED_VALUE"""),"ICARE") -> ICARE | E7: =IFERROR(__xludf.DUMMYFUNCTION("""COMPUTED_VALUE"""),"CÔNG TY TNHH DƯỢC PHẨM ICARE") -> CÔNG TY TNHH DƯỢC PHẨM ICARE | F7: =IFERROR(__xludf.DUMMYFUNCTION("""COMPUTED_VALUE"""),"108 Trần Đình Xu, Phường Cầu Ông Lãnh, Thành phố Hồ Chí Minh, Việt Nam") -> 108 Trần Đình Xu, Phường Cầu Ông Lãnh, Thành phố Hồ Chí Minh, Việt Nam | G7: =IFERROR(__xludf.DUMMYFUNCTION("""COMPUTED_VALUE"""),"0315593265") -> 0315593265 | I7: =IFERROR(__xludf.DUMMYFUNCTION("""COMPUTED_VALUE"""),"Túi flexo") -> Túi flexo | J7: =IFERROR(__xludf.DUMMYFUNCTION("""COMPUTED_VALUE"""),15.0) -> 15 | K7: =IFERROR(__xludf.DUMMYFUNCTION("""COMPUTED_VALUE"""),"Nhãn túi (Tân Đức) <5.000 túi: 12 ngày > 5.000 túi: 15 ngày") -> Nhãn túi (Tân Đức) <5.000 túi: 12 ngày > 5.000 túi: 15 ngày | L7: =IFERROR(__xludf.DUMMYFUNCTION("""COMPUTED_VALUE"""),46023.0) -> 46023 | O7: =IFERROR(__xludf.DUMMYFUNCTION("""COMPUTED_VALUE"""),"Lít") -> Lít | Q7: =IFERROR(__xludf.DUMMYFUNCTION("""COMPUTED_VALUE"""),"Chưa gửi ĐMH cho KT") -> Chưa gửi ĐMH cho KT | R7: =IFERROR(__xludf.DUMMYFUNCTION("""COMPUTED_VALUE"""),"Đã in nhưng chưa đủ chứng từ gửi kế toán") -> Đã in nhưng chưa đủ chứng từ gửi kế toán | T7: =IFERROR(__xludf.DUMMYFUNCTION("""COMPUTED_VALUE"""),"CÔNG TY TNHH SẢN XUẤT- THƯƠNG MẠI- DỊCH VỤ TÂN ĐỨC") -> CÔNG TY TNHH SẢN XUẤT- THƯƠNG MẠI- DỊCH VỤ TÂN ĐỨC | U7: =IFERROR(__xludf.DUMMYFUNCTION("""COMPUTED_VALUE"""),"Tân Đức") -> Tân Đức | V7: =IFERROR(__xludf.DUMMYFUNCTION("""COMPUTED_VALUE"""),"108/8 Đường số 11, Khu phố 5, Phường Linh Xuân, Thành phố Thủ Đức, Thành phố Hồ Chí Minh, Việt Nam") -> 108/8 Đường số 11, Khu phố 5, Phường Linh Xuân, Thành phố Thủ Đức, Thành phố Hồ Chí Minh, Việt Nam | W7: =IFERROR(__xludf.DUMMYFUNCTION("""COMPUTED_VALUE"""),"0301909568") -> 0301909568 | Y7: =IFERROR(__xludf.DUMMYFUNCTION("""COMPUTED_VALUE"""),"CÔNG TY TNHH BASEL THỤY SĨ") -> CÔNG TY TNHH BASEL THỤY SĨ | Z7: =IFERROR(__xludf.DUMMYFUNCTION("""COMPUTED_VALUE"""),"Basel") -> Basel | AA7: =IFERROR(__xludf.DUMMYFUNCTION("""COMPUTED_VALUE"""),"Lô H2A đường số 4, KCN Hải Sơn (GĐ 3+4), ấp Bình Tiền 2, Xã Đức Hòa Hạ, Huyện Đức Hoà, Tỉnh Long An") -> Lô H2A đường số 4, KCN Hải Sơn (GĐ 3+4), ấp Bình Tiền 2, Xã Đức Hòa Hạ, Huyện Đức Hoà, Tỉnh Long An | AC7: =IFERROR(__xludf.DUMMYFUNCTION("""COMPUTED_VALUE"""),"Phan Khánh") -> Phan Khánh | AE7: =IFERROR(__xludf.DUMMYFUNCTION("""COMPUTED_VALUE"""),"Tấn") -> Tấn | AG7: =IFERROR(__xludf.DUMMYFUNCTION("""COMPUTED_VALUE"""),"Mr Hậu") -> Mr Hậu | AI7: =IFERROR(__xludf.DUMMYFUNCTION("""COMPUTED_VALUE"""),0.02) -> 0.02 | AK7: =IFERROR(__xludf.DUMMYFUNCTION("""COMPUTED_VALUE"""),"Thanh toán trước khi giao hàng") -> Thanh toán trước khi giao hàng
A8: =IFERROR(__xludf.DUMMYFUNCTION("""COMPUTED_VALUE"""),"IC") -> IC | B8: =IFERROR(__xludf.DUMMYFUNCTION("""COMPUTED_VALUE"""),"KD ICARE") -> KD ICARE | D8: =IFERROR(__xludf.DUMMYFUNCTION("""COMPUTED_VALUE"""),"NPP DR.XANH") -> NPP DR.XANH | E8: =IFERROR(__xludf.DUMMYFUNCTION("""COMPUTED_VALUE"""),"NHÀ PHÂN PHỐI DR XANH") -> NHÀ PHÂN PHỐI DR XANH | F8: =IFERROR(__xludf.DUMMYFUNCTION("""COMPUTED_VALUE"""),"Số 124, Đường Võ Văn Kiệt, khu vực Bình Trung, Phường Long Hòa, Quận Bình Thủy, TP.Cần Thơ") -> Số 124, Đường Võ Văn Kiệt, khu vực Bình Trung, Phường Long Hòa, Quận Bình Thủy, TP.Cần Thơ | G8: =IFERROR(__xludf.DUMMYFUNCTION("""COMPUTED_VALUE"""),"57B8010406") -> 57B8010406 | I8: =IFERROR(__xludf.DUMMYFUNCTION("""COMPUTED_VALUE"""),"Túi trục") -> Túi trục | J8: =IFERROR(__xludf.DUMMYFUNCTION("""COMPUTED_VALUE"""),21.0) -> 21 | K8: =IFERROR(__xludf.DUMMYFUNCTION("""COMPUTED_VALUE"""),"Làm trục: 12 - 15 ngày In túi: 3 -5 ngày Cắt: 1-2 ngày") -> Làm trục: 12 - 15 ngày In túi: 3 -5 ngày Cắt: 1-2 ngày | L8: =IFERROR(__xludf.DUMMYFUNCTION("""COMPUTED_VALUE"""),46082.0) -> 46082 | O8: =IFERROR(__xludf.DUMMYFUNCTION("""COMPUTED_VALUE"""),"Ml") -> Ml | Q8: =IFERROR(__xludf.DUMMYFUNCTION("""COMPUTED_VALUE"""),"Đã nhận hàng") -> Đã nhận hàng | R8: =IFERROR(__xludf.DUMMYFUNCTION("""COMPUTED_VALUE"""),"Hàng đã về địa chỉ kho yêu cầu") -> Hàng đã về địa chỉ kho yêu cầu | T8: =IFERROR(__xludf.DUMMYFUNCTION("""COMPUTED_VALUE"""),"CÔNG TY TRÁCH NHIỆM HỮU HẠN MỘT THÀNH VIÊN HỢP TRÍ THÀNH CÔNG") -> CÔNG TY TRÁCH NHIỆM HỮU HẠN MỘT THÀNH VIÊN HỢP TRÍ THÀNH CÔNG | U8: =IFERROR(__xludf.DUMMYFUNCTION("""COMPUTED_VALUE"""),"Thành Công") -> Thành Công | V8: =IFERROR(__xludf.DUMMYFUNCTION("""COMPUTED_VALUE"""),"98, đường 3/2, Phường Xuân Khánh, Quận Ninh Kiều, Thành phố Cần Thơ, Việt Nam") -> 98, đường 3/2, Phường Xuân Khánh, Quận Ninh Kiều, Thành phố Cần Thơ, Việt Nam | W8: =IFERROR(__xludf.DUMMYFUNCTION("""COMPUTED_VALUE"""),"1801356017") -> 1801356017 | Y8: =IFERROR(__xludf.DUMMYFUNCTION("""COMPUTED_VALUE"""),"CÔNG TY TNHH DEGO HOLDING") -> CÔNG TY TNHH DEGO HOLDING | Z8: =IFERROR(__xludf.DUMMYFUNCTION("""COMPUTED_VALUE"""),"Dego Cần Thơ") -> Dego Cần Thơ | AA8: =IFERROR(__xludf.DUMMYFUNCTION("""COMPUTED_VALUE"""),"Thửa đất số 86-Tờ bản đồ số 1, đường dẫn cầu Cần Thơ, QL 1A, KDC TTVH Tây Đô, P. Hưng Thạnh, Q. Cái Răng, TP. Cần Thơ (Cách trụ sở công an Quận Cái Răng 100m)") -> Thửa đất số 86-Tờ bản đồ số 1, đường dẫn cầu Cần Thơ, QL 1A, KDC TTVH Tây Đô, P. Hưng Thạnh, Q. Cái Răng, TP. Cần Thơ (Cách trụ sở công an Quận Cái Răng 100m) | AC8: =IFERROR(__xludf.DUMMYFUNCTION("""COMPUTED_VALUE"""),"NCC tự vận chuyển") -> NCC tự vận chuyển | AG8: =IFERROR(__xludf.DUMMYFUNCTION("""COMPUTED_VALUE"""),"Ms Thịnh") -> Ms Thịnh | AK8: =IFERROR(__xludf.DUMMYFUNCTION("""COMPUTED_VALUE"""),"Thanh toán 7 ngày sau khi nhận hàng") -> Thanh toán 7 ngày sau khi nhận hàng
A9: =IFERROR(__xludf.DUMMYFUNCTION("""COMPUTED_VALUE"""),"DR") -> DR | B9: =IFERROR(__xludf.DUMMYFUNCTION("""COMPUTED_VALUE"""),"KD DR XANH") -> KD DR XANH | D9: =IFERROR(__xludf.DUMMYFUNCTION("""COMPUTED_VALUE"""),"HỘ KD DR.XANH") -> HỘ KD DR.XANH | E9: =IFERROR(__xludf.DUMMYFUNCTION("""COMPUTED_VALUE"""),"HỘ KINH DOANH DR XANH") -> HỘ KINH DOANH DR XANH | F9: =IFERROR(__xludf.DUMMYFUNCTION("""COMPUTED_VALUE"""),"Ấp Qui Lân 1, Xã Thạnh Quới, Huyện Vĩnh Thạnh, TP Cần Thơ, Việt Nam") -> Ấp Qui Lân 1, Xã Thạnh Quới, Huyện Vĩnh Thạnh, TP Cần Thơ, Việt Nam | G9: =IFERROR(__xludf.DUMMYFUNCTION("""COMPUTED_VALUE"""),"57H8005750") -> 57H8005750 | I9: =IFERROR(__xludf.DUMMYFUNCTION("""COMPUTED_VALUE"""),"Hộp") -> Hộp | J9: =IFERROR(__xludf.DUMMYFUNCTION("""COMPUTED_VALUE"""),15.0) -> 15 | L9: =IFERROR(__xludf.DUMMYFUNCTION("""COMPUTED_VALUE"""),46082.0) -> 46082 | O9: =IFERROR(__xludf.DUMMYFUNCTION("""COMPUTED_VALUE"""),"Gram") -> Gram | Q9: =IFERROR(__xludf.DUMMYFUNCTION("""COMPUTED_VALUE"""),"Hoàn thành") -> Hoàn thành | R9: =IFERROR(__xludf.DUMMYFUNCTION("""COMPUTED_VALUE"""),"Hoàn thành đã lấy hóa đơn; thanh toán; quyết toán hoàn ứng") -> Hoàn thành đã lấy hóa đơn; thanh toán; quyết toán hoàn ứng | T9: =IFERROR(__xludf.DUMMYFUNCTION("""COMPUTED_VALUE"""),"CÔNG TY TNHH SẢN XUẤT - THƯƠNG MẠI AN TÍN") -> CÔNG TY TNHH SẢN XUẤT - THƯƠNG MẠI AN TÍN | U9: =IFERROR(__xludf.DUMMYFUNCTION("""COMPUTED_VALUE"""),"An Tín") -> An Tín | V9: =IFERROR(__xludf.DUMMYFUNCTION("""COMPUTED_VALUE"""),"247/16 Đường Bình Tiên, Phường 08, Quận 6, Thành Phố Hồ Chí Minh, Việt Nam") -> 247/16 Đường Bình Tiên, Phường 08, Quận 6, Thành Phố Hồ Chí Minh, Việt Nam | W9: =IFERROR(__xludf.DUMMYFUNCTION("""COMPUTED_VALUE"""),"0315259038") -> 0315259038 | Y9: =IFERROR(__xludf.DUMMYFUNCTION("""COMPUTED_VALUE"""),"CÔNG TY TNHH PHÂN BÓN NIỀM TIN VIỆT") -> CÔNG TY TNHH PHÂN BÓN NIỀM TIN VIỆT | Z9: =IFERROR(__xludf.DUMMYFUNCTION("""COMPUTED_VALUE"""),"Niềm Tin Việt") -> Niềm Tin Việt | AA9: =IFERROR(__xludf.DUMMYFUNCTION("""COMPUTED_VALUE"""),"Ấp 2A, Xã Hưng Thạnh, H.Tháp Mười, Đồng Tháp") -> Ấp 2A, Xã Hưng Thạnh, H.Tháp Mười, Đồng Tháp | AC9: =IFERROR(__xludf.DUMMYFUNCTION("""COMPUTED_VALUE"""),"Grab") -> Grab | AG9: =IFERROR(__xludf.DUMMYFUNCTION("""COMPUTED_VALUE"""),"Ms Dư") -> Ms Dư | AK9: =IFERROR(__xludf.DUMMYFUNCTION("""COMPUTED_VALUE"""),"Công nợ 20 ngày") -> Công nợ 20 ngày
A10: =IFERROR(__xludf.DUMMYFUNCTION("""COMPUTED_VALUE"""),"ID") -> ID | B10: =IFERROR(__xludf.DUMMYFUNCTION("""COMPUTED_VALUE"""),"KD IDA") -> KD IDA | D10: =IFERROR(__xludf.DUMMYFUNCTION("""COMPUTED_VALUE"""),"BAMBOO") -> BAMBOO | E10: =IFERROR(__xludf.DUMMYFUNCTION("""COMPUTED_VALUE"""),"CÔNG TY TNHH XUẤT NHẬP KHẨU SẢN XUẤT THƯƠNG MẠI BAMBOO VIỆT NAM") -> CÔNG TY TNHH XUẤT NHẬP KHẨU SẢN XUẤT THƯƠNG MẠI BAMBOO VIỆT NAM | F10: =IFERROR(__xludf.DUMMYFUNCTION("""COMPUTED_VALUE"""),"Tầng 18, Tòa nhà ROX Tower, 180-192 Nguyễn Công Trứ, Phường Bến Thành, Thành phó Hồ Chí Minh, Việt Nam.") -> Tầng 18, Tòa nhà ROX Tower, 180-192 Nguyễn Công Trứ, Phường Bến Thành, Thành phó Hồ Chí Minh, Việt Nam. | G10: =IFERROR(__xludf.DUMMYFUNCTION("""COMPUTED_VALUE"""),"0318629897") -> 0318629897 | I10: =IFERROR(__xludf.DUMMYFUNCTION("""COMPUTED_VALUE"""),"Can/Xô") -> Can/Xô | J10: =IFERROR(__xludf.DUMMYFUNCTION("""COMPUTED_VALUE"""),5.0) -> 5 | K10: =IFERROR(__xludf.DUMMYFUNCTION("""COMPUTED_VALUE"""),"Thông tin tham khảo từ Ms Ly/ Thu mua check lại") -> Thông tin tham khảo từ Ms Ly/ Thu mua check lại | L10: =IFERROR(__xludf.DUMMYFUNCTION("""COMPUTED_VALUE"""),46082.0) -> 46082 | M10: =IFERROR(__xludf.DUMMYFUNCTION("""COMPUTED_VALUE"""),TRUE) -> TRUE | O10: =IFERROR(__xludf.DUMMYFUNCTION("""COMPUTED_VALUE"""),"Cuộn") -> Cuộn | Q10: =IFERROR(__xludf.DUMMYFUNCTION("""COMPUTED_VALUE"""),"Hủy đơn") -> Hủy đơn | R10: =IFERROR(__xludf.DUMMYFUNCTION("""COMPUTED_VALUE"""),"Hủy đơn với NCC theo bộ phận yêu cầu") -> Hủy đơn với NCC theo bộ phận yêu cầu | T10: =IFERROR(__xludf.DUMMYFUNCTION("""COMPUTED_VALUE"""),"CÔNG TY TNHH SẢN XUẤT THƯƠNG MẠI NHỰA CƯỜNG PHÁT LONG AN") -> CÔNG TY TNHH SẢN XUẤT THƯƠNG MẠI NHỰA CƯỜNG PHÁT LONG AN | U10: =IFERROR(__xludf.DUMMYFUNCTION("""COMPUTED_VALUE"""),"Cường Phát") -> Cường Phát | V10: =IFERROR(__xludf.DUMMYFUNCTION("""COMPUTED_VALUE"""),"Ấp Hóc Thơm 1, Xã Hòa Khánh, Tỉnh Tây Ninh, Việt Nam") -> Ấp Hóc Thơm 1, Xã Hòa Khánh, Tỉnh Tây Ninh, Việt Nam | W10: =IFERROR(__xludf.DUMMYFUNCTION("""COMPUTED_VALUE"""),"1101721810") -> 1101721810 | Y10: =IFERROR(__xludf.DUMMYFUNCTION("""COMPUTED_VALUE"""),"CÔNG TY TNHH PRIMA - PHÁP - CHÂU ÂU") -> CÔNG TY TNHH PRIMA - PHÁP - CHÂU ÂU | Z10: =IFERROR(__xludf.DUMMYFUNCTION("""COMPUTED_VALUE"""),"Đại Tâm") -> Đại Tâm | AA10: =IFERROR(__xludf.DUMMYFUNCTION("""COMPUTED_VALUE"""),"Lô B101 đường B. KCN Thái Hoà, Xã Đức Lập Hạ, Huyện Đức Hoà, Tỉnh Long An") -> Lô B101 đường B. KCN Thái Hoà, Xã Đức Lập Hạ, Huyện Đức Hoà, Tỉnh Long An
A11: =IFERROR(__xludf.DUMMYFUNCTION("""COMPUTED_VALUE"""),"SX") -> SX | B11: =IFERROR(__xludf.DUMMYFUNCTION("""COMPUTED_VALUE"""),"SX - Ms Hương") -> SX - Ms Hương | D11: =IFERROR(__xludf.DUMMYFUNCTION("""COMPUTED_VALUE"""),"N2SBIO") -> N2SBIO | E11: =IFERROR(__xludf.DUMMYFUNCTION("""COMPUTED_VALUE"""),"CÔNG TY TNHH N2SBIO VIỆT NAM") -> CÔNG TY TNHH N2SBIO VIỆT NAM | F11: =IFERROR(__xludf.DUMMYFUNCTION("""COMPUTED_VALUE"""),"108 Trần Đình Xu, Phường Nguyễn Cư Trinh, Quận 1, TP Hồ Chí Minh") -> 108 Trần Đình Xu, Phường Nguyễn Cư Trinh, Quận 1, TP Hồ Chí Minh | G11: =IFERROR(__xludf.DUMMYFUNCTION("""COMPUTED_VALUE"""),"0318776965") -> 0318776965 | I11: =IFERROR(__xludf.DUMMYFUNCTION("""COMPUTED_VALUE"""),"Can/Xô") -> Can/Xô | J11: =IFERROR(__xludf.DUMMYFUNCTION("""COMPUTED_VALUE"""),7.0) -> 7 | K11: =IFERROR(__xludf.DUMMYFUNCTION("""COMPUTED_VALUE"""),"Thông tin tham khảo từ Ms Ly/ Thu mua check lại") -> Thông tin tham khảo từ Ms Ly/ Thu mua check lại | L11: =IFERROR(__xludf.DUMMYFUNCTION("""COMPUTED_VALUE"""),46082.0) -> 46082 | M11: =IFERROR(__xludf.DUMMYFUNCTION("""COMPUTED_VALUE"""),FALSE) -> FALSE | O11: =IFERROR(__xludf.DUMMYFUNCTION("""COMPUTED_VALUE"""),"Bịch") -> Bịch | Q11: =IFERROR(__xludf.DUMMYFUNCTION("""COMPUTED_VALUE"""),"Tạm ngưng") -> Tạm ngưng | T11: =IFERROR(__xludf.DUMMYFUNCTION("""COMPUTED_VALUE"""),"CÔNG TY TNHH BAO BÌ HNS") -> CÔNG TY TNHH BAO BÌ HNS | U11: =IFERROR(__xludf.DUMMYFUNCTION("""COMPUTED_VALUE"""),"Hns") -> Hns | V11: =IFERROR(__xludf.DUMMYFUNCTION("""COMPUTED_VALUE"""),"084 QL1, KV2, Ba Láng, Cái Răng, Cần Thơ") -> 084 QL1, KV2, Ba Láng, Cái Răng, Cần Thơ | W11: =IFERROR(__xludf.DUMMYFUNCTION("""COMPUTED_VALUE"""),"1801399719") -> 1801399719 | Y11: =IFERROR(__xludf.DUMMYFUNCTION("""COMPUTED_VALUE"""),"CÔNG TY TNHH SÀN GIAO DỊCH THUỐC BẢO VỆ THỰC VẬT VIỆT NAM") -> CÔNG TY TNHH SÀN GIAO DỊCH THUỐC BẢO VỆ THỰC VẬT VIỆT NAM | Z11: =IFERROR(__xludf.DUMMYFUNCTION("""COMPUTED_VALUE"""),"Pesticidex") -> Pesticidex | AA11: =IFERROR(__xludf.DUMMYFUNCTION("""COMPUTED_VALUE"""),"Tầng 1, B19 đường dẫn cầu Cần Thơ, Quốc lộ 1A, KDC TTVH Tây Đô, Phường Hưng Thạnh, Quận Cái Răng, Thành phố Cần Thơ, Việt Nam") -> Tầng 1, B19 đường dẫn cầu Cần Thơ, Quốc lộ 1A, KDC TTVH Tây Đô, Phường Hưng Thạnh, Quận Cái Răng, Thành phố Cần Thơ, Việt Nam
A12: =IFERROR(__xludf.DUMMYFUNCTION("""COMPUTED_VALUE"""),"TM") -> TM | B12: =IFERROR(__xludf.DUMMYFUNCTION("""COMPUTED_VALUE"""),"TM - Ms Quyên") -> TM - Ms Quyên | D12: =IFERROR(__xludf.DUMMYFUNCTION("""COMPUTED_VALUE"""),"NN DEGO") -> NN DEGO | E12: =IFERROR(__xludf.DUMMYFUNCTION("""COMPUTED_VALUE"""),"CÔNG TY TNHH SẢN XUẤT VÀ XUẤT NHẬP KHẨU HOÁ CHẤT NÔNG NGHIỆP DEGO") -> CÔNG TY TNHH SẢN XUẤT VÀ XUẤT NHẬP KHẨU HOÁ CHẤT NÔNG NGHIỆP DEGO | F12: =IFERROR(__xludf.DUMMYFUNCTION("""COMPUTED_VALUE"""),"Tầng 9, tòa nhà K&M Tower, 33 Ung Văn Khiêm, Phường Thạnh Mỹ Tây, TP Hồ Chí Minh, Việt Nam") -> Tầng 9, tòa nhà K&M Tower, 33 Ung Văn Khiêm, Phường Thạnh Mỹ Tây, TP Hồ Chí Minh, Việt Nam | G12: =IFERROR(__xludf.DUMMYFUNCTION("""COMPUTED_VALUE"""),"0318430011") -> 0318430011 | I12: =IFERROR(__xludf.DUMMYFUNCTION("""COMPUTED_VALUE"""),"NL") -> NL | J12: =IFERROR(__xludf.DUMMYFUNCTION("""COMPUTED_VALUE"""),10.0) -> 10 | K12: =IFERROR(__xludf.DUMMYFUNCTION("""COMPUTED_VALUE"""),"Trong nước") -> Trong nước | L12: =IFERROR(__xludf.DUMMYFUNCTION("""COMPUTED_VALUE"""),46082.0) -> 46082 | M12: =IFERROR(__xludf.DUMMYFUNCTION("""COMPUTED_VALUE"""),TRUE) -> TRUE | O12: =IFERROR(__xludf.DUMMYFUNCTION("""COMPUTED_VALUE"""),"Cây") -> Cây | T12: =IFERROR(__xludf.DUMMYFUNCTION("""COMPUTED_VALUE"""),"CÔNG TY TNHH MTV SẢN XUẤT THƯƠNG MẠI NHỰA HỒ GIA") -> CÔNG TY TNHH MTV SẢN XUẤT THƯƠNG MẠI NHỰA HỒ GIA | U12: =IFERROR(__xludf.DUMMYFUNCTION("""COMPUTED_VALUE"""),"Hồ Gia") -> Hồ Gia | V12: =IFERROR(__xludf.DUMMYFUNCTION("""COMPUTED_VALUE"""),"100/7B khu phố 1, Bùi Dương Lịch, Phường Bình Hưng Hòa B, Quận Bình Tân, Thành phố Hồ Chí Minh") -> 100/7B khu phố 1, Bùi Dương Lịch, Phường Bình Hưng Hòa B, Quận Bình Tân, Thành phố Hồ Chí Minh | W12: =IFERROR(__xludf.DUMMYFUNCTION("""COMPUTED_VALUE"""),"0315743256") -> 0315743256 | Y12: =IFERROR(__xludf.DUMMYFUNCTION("""COMPUTED_VALUE"""),"CÔNG TY TNHH SX TM YAMATO VN") -> CÔNG TY TNHH SX TM YAMATO VN | Z12: =IFERROR(__xludf.DUMMYFUNCTION("""COMPUTED_VALUE"""),"Yamato") -> Yamato | AA12: =IFERROR(__xludf.DUMMYFUNCTION("""COMPUTED_VALUE"""),"Lô A20A Đường số 6, KCN Hải Sơn (GĐ 3+4), Xã Đức Hòa Hạ, Huyện Đức Hoà, Tỉnh Long An") -> Lô A20A Đường số 6, KCN Hải Sơn (GĐ 3+4), Xã Đức Hòa Hạ, Huyện Đức Hoà, Tỉnh Long An
A13: =IFERROR(__xludf.DUMMYFUNCTION("""COMPUTED_VALUE"""),"N2") -> N2 | B13: =IFERROR(__xludf.DUMMYFUNCTION("""COMPUTED_VALUE"""),"KD N2SBIO") -> KD N2SBIO | D13: =IFERROR(__xludf.DUMMYFUNCTION("""COMPUTED_VALUE"""),"NN ABA") -> NN ABA | E13: =IFERROR(__xludf.DUMMYFUNCTION("""COMPUTED_VALUE"""),"CÔNG TY TNHH HÓA CHẤT NÔNG NGHIỆP ABA") -> CÔNG TY TNHH HÓA CHẤT NÔNG NGHIỆP ABA | F13: =IFERROR(__xludf.DUMMYFUNCTION("""COMPUTED_VALUE"""),"B18 đường dẫn cầu Cần Thơ, QL1A, Khu dân cư Trung tâm văn hóa Tây Đô, Phường Cái Răng, Thành phố Cần Thơ, Việt Nam.") -> B18 đường dẫn cầu Cần Thơ, QL1A, Khu dân cư Trung tâm văn hóa Tây Đô, Phường Cái Răng, Thành phố Cần Thơ, Việt Nam. | G13: =IFERROR(__xludf.DUMMYFUNCTION("""COMPUTED_VALUE"""),"1801818328") -> 1801818328 | I13: =IFERROR(__xludf.DUMMYFUNCTION("""COMPUTED_VALUE"""),"NL") -> NL | J13: =IFERROR(__xludf.DUMMYFUNCTION("""COMPUTED_VALUE"""),14.0) -> 14 | K13: =IFERROR(__xludf.DUMMYFUNCTION("""COMPUTED_VALUE"""),"Trong nước") -> Trong nước | L13: =IFERROR(__xludf.DUMMYFUNCTION("""COMPUTED_VALUE"""),46082.0) -> 46082 | M13: =IFERROR(__xludf.DUMMYFUNCTION("""COMPUTED_VALUE"""),FALSE) -> FALSE | O13: =IFERROR(__xludf.DUMMYFUNCTION("""COMPUTED_VALUE"""),"Thùng") -> Thùng | T13: =IFERROR(__xludf.DUMMYFUNCTION("""COMPUTED_VALUE"""),"CÔNG TY TNHH BAO BÌ MINH NGỌC") -> CÔNG TY TNHH BAO BÌ MINH NGỌC | U13: =IFERROR(__xludf.DUMMYFUNCTION("""COMPUTED_VALUE"""),"Minh Ngọc") -> Minh Ngọc | V13: =IFERROR(__xludf.DUMMYFUNCTION("""COMPUTED_VALUE"""),"Lô D2.1 - D2.2 Đường số 4, KCN Nhị Xuân, Xã Xuân Thới Sơn, Huyện Hóc Môn, Tp. HCM") -> Lô D2.1 - D2.2 Đường số 4, KCN Nhị Xuân, Xã Xuân Thới Sơn, Huyện Hóc Môn, Tp. HCM | W13: =IFERROR(__xludf.DUMMYFUNCTION("""COMPUTED_VALUE"""),"0313694927") -> 0313694927 | Y13: =IFERROR(__xludf.DUMMYFUNCTION("""COMPUTED_VALUE"""),"CÔNG TY TNHH XUẤT NHẬP KHẨU HÓA CHẤT ATC") -> CÔNG TY TNHH XUẤT NHẬP KHẨU HÓA CHẤT ATC | Z13: =IFERROR(__xludf.DUMMYFUNCTION("""COMPUTED_VALUE"""),"ATC") -> ATC | AA13: =IFERROR(__xludf.DUMMYFUNCTION("""COMPUTED_VALUE"""),"Số 87, Đường Lý Bôn, Phường Bình Đức, Tỉnh An Giang, Việt Nam") -> Số 87, Đường Lý Bôn, Phường Bình Đức, Tỉnh An Giang, Việt Nam
A14: =IFERROR(__xludf.DUMMYFUNCTION("""COMPUTED_VALUE"""),"QLTM_MS NGÂN") -> QLTM_MS NGÂN | B14: =IFERROR(__xludf.DUMMYFUNCTION("""COMPUTED_VALUE"""),"QLTM_Ms Ngân") -> QLTM_Ms Ngân | I14: =IFERROR(__xludf.DUMMYFUNCTION("""COMPUTED_VALUE"""),"Thùng") -> Thùng | J14: =IFERROR(__xludf.DUMMYFUNCTION("""COMPUTED_VALUE"""),18.0) -> 18 | K14: =IFERROR(__xludf.DUMMYFUNCTION("""COMPUTED_VALUE"""),"Thời gian Sx: 15 ngày Nhận hàng: 2 ngày") -> Thời gian Sx: 15 ngày Nhận hàng: 2 ngày | L14: =IFERROR(__xludf.DUMMYFUNCTION("""COMPUTED_VALUE"""),46082.0) -> 46082 | O14: =IFERROR(__xludf.DUMMYFUNCTION("""COMPUTED_VALUE"""),"Hộp") -> Hộp | T14: =IFERROR(__xludf.DUMMYFUNCTION("""COMPUTED_VALUE"""),"CÔNG TY TNHH SX TM DV QUỐC TẾ QUANG ĐẠT") -> CÔNG TY TNHH SX TM DV QUỐC TẾ QUANG ĐẠT | U14: =IFERROR(__xludf.DUMMYFUNCTION("""COMPUTED_VALUE"""),"Quang Đạt") -> Quang Đạt | V14: =IFERROR(__xludf.DUMMYFUNCTION("""COMPUTED_VALUE"""),"43D, Ao Đôi, P. Bình Trị Đông A, Q. Bình Tân, TP. HCM") -> 43D, Ao Đôi, P. Bình Trị Đông A, Q. Bình Tân, TP. HCM | W14: =IFERROR(__xludf.DUMMYFUNCTION("""COMPUTED_VALUE"""),"0317703989") -> 0317703989 | Y14: =IFERROR(__xludf.DUMMYFUNCTION("""COMPUTED_VALUE"""),"CÔNG TY TNHH AGRIFUTURE") -> CÔNG TY TNHH AGRIFUTURE | Z14: =IFERROR(__xludf.DUMMYFUNCTION("""COMPUTED_VALUE"""),"Agrifuture") -> Agrifuture | AA14: =IFERROR(__xludf.DUMMYFUNCTION("""COMPUTED_VALUE"""),"Nhà Máy: Lô B123B, Đường số 7, KCN, ấp Tân Hòa, Đức Hòa, Long An VP: Phòng A4.04, Khu Phức Hợp Căn Hộ Nhật Hoa, 33 Nguyễn Hữu Thọ, Phường Tân Hưng, Thành phố Hồ Chí Minh, Việt Nam") -> Nhà Máy: Lô B123B, Đường số 7, KCN, ấp Tân Hòa, Đức Hòa, Long An VP: Phòng A4.04, Khu Phức Hợp Căn Hộ Nhật Hoa, 33 Nguyễn Hữu Thọ, Phường Tân Hưng, Thành phố Hồ Chí Minh, Việt Nam
I15: =IFERROR(__xludf.DUMMYFUNCTION("""COMPUTED_VALUE"""),"Chai Nhôm") -> Chai Nhôm | J15: =IFERROR(__xludf.DUMMYFUNCTION("""COMPUTED_VALUE"""),8.0) -> 8 | K15: =IFERROR(__xludf.DUMMYFUNCTION("""COMPUTED_VALUE"""),"Hàng cần thanh toán trước: - Làm hồ sơ 1 ngày - Thanh toán 5 ngày - Nhận hàng 2 ngày (Thông tin tham khảo từ Ms Ly/ Thu mua check lại)") -> Hàng cần thanh toán trước: - Làm hồ sơ 1 ngày - Thanh toán 5 ngày - Nhận hàng 2 ngày (Thông tin tham khảo từ Ms Ly/ Thu mua check lại) | L15: =IFERROR(__xludf.DUMMYFUNCTION("""COMPUTED_VALUE"""),46082.0) -> 46082 | M15: =IFERROR(__xludf.DUMMYFUNCTION("""COMPUTED_VALUE"""),TRUE) -> TRUE | T15: =IFERROR(__xludf.DUMMYFUNCTION("""COMPUTED_VALUE"""),"CÔNG TY CỔ PHẦN BAO BÌ NHỰA THÀNH PHÁT") -> CÔNG TY CỔ PHẦN BAO BÌ NHỰA THÀNH PHÁT | U15: =IFERROR(__xludf.DUMMYFUNCTION("""COMPUTED_VALUE"""),"Thành Phát") -> Thành Phát | V15: =IFERROR(__xludf.DUMMYFUNCTION("""COMPUTED_VALUE"""),"F01-1, đường số 1, KCN Hạnh Phúc, ấp 5 Đức Hoà Đông, ĐH, LA") -> F01-1, đường số 1, KCN Hạnh Phúc, ấp 5 Đức Hoà Đông, ĐH, LA | W15: =IFERROR(__xludf.DUMMYFUNCTION("""COMPUTED_VALUE"""),"0302299160") -> 0302299160 | Y15: =IFERROR(__xludf.DUMMYFUNCTION("""COMPUTED_VALUE"""),"Cty TNHH SX TM DV Thu Loan") -> Cty TNHH SX TM DV Thu Loan | Z15: =IFERROR(__xludf.DUMMYFUNCTION("""COMPUTED_VALUE"""),"Thu Loan") -> Thu Loan | AA15: =IFERROR(__xludf.DUMMYFUNCTION("""COMPUTED_VALUE"""),"699 tổ 34 Khóm Đông Thuận , Phường Đông Thành , Bình Minh, Vĩnh Long") -> 699 tổ 34 Khóm Đông Thuận , Phường Đông Thành , Bình Minh, Vĩnh Long
I16: =IFERROR(__xludf.DUMMYFUNCTION("""COMPUTED_VALUE"""),"Chai Nhôm") -> Chai Nhôm | J16: =IFERROR(__xludf.DUMMYFUNCTION("""COMPUTED_VALUE"""),33.0) -> 33 | K16: =IFERROR(__xludf.DUMMYFUNCTION("""COMPUTED_VALUE"""),"Hàng cần thanh toán trước: - Làm hồ sơ 1 ngày - Nhập khẩu : 25 ngày - Thanh toán 5 ngày - Nhận hàng 2 ngày (Thông tin tham khảo từ Ms Ly/ Thu mua check lại)") -> Hàng cần thanh toán trước: - Làm hồ sơ 1 ngày - Nhập khẩu : 25 ngày - Thanh toán 5 ngày - Nhận hàng 2 ngày (Thông tin tham khảo từ Ms Ly/ Thu mua check lại) | L16: =IFERROR(__xludf.DUMMYFUNCTION("""COMPUTED_VALUE"""),46082.0) -> 46082 | M16: =IFERROR(__xludf.DUMMYFUNCTION("""COMPUTED_VALUE"""),FALSE) -> FALSE | T16: =IFERROR(__xludf.DUMMYFUNCTION("""COMPUTED_VALUE"""),"CÔNG TY TNHH BAO BÌ NHỰA PHƯƠNG NAM") -> CÔNG TY TNHH BAO BÌ NHỰA PHƯƠNG NAM | U16: =IFERROR(__xludf.DUMMYFUNCTION("""COMPUTED_VALUE"""),"Phương Nam") -> Phương Nam | V16: =IFERROR(__xludf.DUMMYFUNCTION("""COMPUTED_VALUE"""),"384A, Tổ 3, Ấp 1, Xã Mỹ Hạnh, Tỉnh Tây Ninh, Việt Nam") -> 384A, Tổ 3, Ấp 1, Xã Mỹ Hạnh, Tỉnh Tây Ninh, Việt Nam | W16: =IFERROR(__xludf.DUMMYFUNCTION("""COMPUTED_VALUE"""),"0301515210") -> 0301515210 | Y16: =IFERROR(__xludf.DUMMYFUNCTION("""COMPUTED_VALUE"""),"CÔNG TY TNHH THƯƠNG MẠI THÁI NÔNG") -> CÔNG TY TNHH THƯƠNG MẠI THÁI NÔNG | Z16: =IFERROR(__xludf.DUMMYFUNCTION("""COMPUTED_VALUE"""),"Thái Nông") -> Thái Nông | AA16: =IFERROR(__xludf.DUMMYFUNCTION("""COMPUTED_VALUE"""),"73 Lạc Long Quân, Phường 1, Quận 11, Thành phố Hồ Chí Minh CN: Khu Công nghiệp Nhơn Trạch 3, Thị trấn Hiệp Phước, Huyện Nhơn Trạch, Tỉnh Đồng Nai, Việt Nam Giao Vật Tư: HKD Cơ Sở Phân Bón Lá Phú Hưng ĐC: 49A, đường số 27, Tân Lập, Tân Thông Hội, Củ Chi, H"&"CM Người nhận: 0937 021 818 - Chị Bội") -> 73 Lạc Long Quân, Phường 1, Quận 11, Thành phố Hồ Chí Minh CN: Khu Công nghiệp Nhơn Trạch 3, Thị trấn Hiệp Phước, Huyện Nhơn Trạch, Tỉnh Đồng Nai, Việt Nam Giao Vật Tư: HKD Cơ Sở Phân Bón Lá Phú Hưng ĐC: 49A, đường số 27, Tân Lập, Tân Thông Hội, Củ Chi, HCM Người nhận: 0937 021 818 - Chị Bội
I17: =IFERROR(__xludf.DUMMYFUNCTION("""COMPUTED_VALUE"""),"Chai khác") -> Chai khác | J17: =IFERROR(__xludf.DUMMYFUNCTION("""COMPUTED_VALUE"""),7.0) -> 7 | K17: =IFERROR(__xludf.DUMMYFUNCTION("""COMPUTED_VALUE"""),"Hàng cần thanh toán trước: - Làm hồ sơ 1 ngày - Thanh toán 5 ngày - Sản xuất 0 ngày - Nhận hàng 2 ngày") -> Hàng cần thanh toán trước: - Làm hồ sơ 1 ngày - Thanh toán 5 ngày - Sản xuất 0 ngày - Nhận hàng 2 ngày | L17: =IFERROR(__xludf.DUMMYFUNCTION("""COMPUTED_VALUE"""),46082.0) -> 46082 | M17: =IFERROR(__xludf.DUMMYFUNCTION("""COMPUTED_VALUE"""),TRUE) -> TRUE | T17: =IFERROR(__xludf.DUMMYFUNCTION("""COMPUTED_VALUE"""),"CÔNG TY CỔ PHẦN PHL") -> CÔNG TY CỔ PHẦN PHL | U17: =IFERROR(__xludf.DUMMYFUNCTION("""COMPUTED_VALUE"""),"PHL") -> PHL | V17: =IFERROR(__xludf.DUMMYFUNCTION("""COMPUTED_VALUE"""),"Lô MB1-1, Lô MB1-1a, khu công nghiệp Đức Hòa 1, Đường số 5, Ấp 5, Xã Đức Hòa Đông, Huyện Đức Hoà, Tỉnh Long An, Việt Nam") -> Lô MB1-1, Lô MB1-1a, khu công nghiệp Đức Hòa 1, Đường số 5, Ấp 5, Xã Đức Hòa Đông, Huyện Đức Hoà, Tỉnh Long An, Việt Nam | W17: =IFERROR(__xludf.DUMMYFUNCTION("""COMPUTED_VALUE"""),"1101392309") -> 1101392309 | Y17: =IFERROR(__xludf.DUMMYFUNCTION("""COMPUTED_VALUE"""),"CÔNG TY TNHH TẬP ĐOÀN AN NÔNG (AN GROUP)") -> CÔNG TY TNHH TẬP ĐOÀN AN NÔNG (AN GROUP) | Z17: =IFERROR(__xludf.DUMMYFUNCTION("""COMPUTED_VALUE"""),"An Nông") -> An Nông | AA17: =IFERROR(__xludf.DUMMYFUNCTION("""COMPUTED_VALUE"""),"Trụ sở : 464 Đường số 7, khu phố 8, Phường Tân Tạo, Quận Bình Tân, TP Hồ Chí Minh Nhà máy : Lô H7, Đường số 5, KCN Hải Sơn (GĐ 3+4), ấp Bình Tiền 2, Xã Đức Hòa Hạ, Huyện Đức Hoà, Tỉnh Long An, Việt Nam") -> Trụ sở : 464 Đường số 7, khu phố 8, Phường Tân Tạo, Quận Bình Tân, TP Hồ Chí Minh Nhà máy : Lô H7, Đường số 5, KCN Hải Sơn (GĐ 3+4), ấp Bình Tiền 2, Xã Đức Hòa Hạ, Huyện Đức Hoà, Tỉnh Long An, Việt Nam
I18: =IFERROR(__xludf.DUMMYFUNCTION("""COMPUTED_VALUE"""),"Nắp") -> Nắp | J18: =IFERROR(__xludf.DUMMYFUNCTION("""COMPUTED_VALUE"""),7.0) -> 7 | K18: =IFERROR(__xludf.DUMMYFUNCTION("""COMPUTED_VALUE"""),"Nắp NCC giao chung hàng với chai.") -> Nắp NCC giao chung hàng với chai. | L18: =IFERROR(__xludf.DUMMYFUNCTION("""COMPUTED_VALUE"""),46082.0) -> 46082 | M18: =IFERROR(__xludf.DUMMYFUNCTION("""COMPUTED_VALUE"""),TRUE) -> TRUE | T18: =IFERROR(__xludf.DUMMYFUNCTION("""COMPUTED_VALUE"""),"CÔNG TY TNHH SẢN XUẤT BAO BÌ VINACO") -> CÔNG TY TNHH SẢN XUẤT BAO BÌ VINACO | U18: =IFERROR(__xludf.DUMMYFUNCTION("""COMPUTED_VALUE"""),"Vinaco") -> Vinaco | V18: =IFERROR(__xludf.DUMMYFUNCTION("""COMPUTED_VALUE"""),"Lô B10, Đường số 1, KCN Hải Sơn (GĐ 3+4), Xã Đức Hòa Hạ, Huyện Đức Hòa, tỉnh Long An") -> Lô B10, Đường số 1, KCN Hải Sơn (GĐ 3+4), Xã Đức Hòa Hạ, Huyện Đức Hòa, tỉnh Long An | W18: =IFERROR(__xludf.DUMMYFUNCTION("""COMPUTED_VALUE"""),"1101950715") -> 1101950715 | Y18: =IFERROR(__xludf.DUMMYFUNCTION("""COMPUTED_VALUE"""),"KHO DR XANH") -> KHO DR XANH | Z18: =IFERROR(__xludf.DUMMYFUNCTION("""COMPUTED_VALUE"""),"Kho Dr. Xanh") -> Kho Dr. Xanh | AA18: =IFERROR(__xludf.DUMMYFUNCTION("""COMPUTED_VALUE"""),"Số 124 Võ Văn Kiệt, KV Bình Trung, P.Long Hòa, Q. Bình Thủy, Cần Thơ") -> Số 124 Võ Văn Kiệt, KV Bình Trung, P.Long Hòa, Q. Bình Thủy, Cần Thơ
I19: =IFERROR(__xludf.DUMMYFUNCTION("""COMPUTED_VALUE"""),"Cốc đong") -> Cốc đong | J19: =IFERROR(__xludf.DUMMYFUNCTION("""COMPUTED_VALUE"""),7.0) -> 7 | K19: =IFERROR(__xludf.DUMMYFUNCTION("""COMPUTED_VALUE"""),"Cốc đong NCC giao chung hàng với chai.") -> Cốc đong NCC giao chung hàng với chai. | L19: =IFERROR(__xludf.DUMMYFUNCTION("""COMPUTED_VALUE"""),46082.0) -> 46082 | M19: =IFERROR(__xludf.DUMMYFUNCTION("""COMPUTED_VALUE"""),TRUE) -> TRUE | T19: =IFERROR(__xludf.DUMMYFUNCTION("""COMPUTED_VALUE"""),"CÔNG TY TNHH SX TM DV HẢI BÌNH") -> CÔNG TY TNHH SX TM DV HẢI BÌNH | U19: =IFERROR(__xludf.DUMMYFUNCTION("""COMPUTED_VALUE"""),"Hải Bình") -> Hải Bình | V19: =IFERROR(__xludf.DUMMYFUNCTION("""COMPUTED_VALUE"""),"30 Võ Hoành, Phường Phú Thọ Hoà, Thành phố Hồ Chí Minh, Việt Nam") -> 30 Võ Hoành, Phường Phú Thọ Hoà, Thành phố Hồ Chí Minh, Việt Nam | W19: =IFERROR(__xludf.DUMMYFUNCTION("""COMPUTED_VALUE"""),"0302202299") -> 0302202299 | Y19: =IFERROR(__xludf.DUMMYFUNCTION("""COMPUTED_VALUE"""),"KHO B18") -> KHO B18 | Z19: =IFERROR(__xludf.DUMMYFUNCTION("""COMPUTED_VALUE"""),"Kho B18") -> Kho B18 | AA19: =IFERROR(__xludf.DUMMYFUNCTION("""COMPUTED_VALUE"""),"B18 đường dẫn cầu Cần Thơ, Quốc lộ 1A, KDC TTVH Tây Đô, Phường Cái Răng, Thành phố Cần Thơ") -> B18 đường dẫn cầu Cần Thơ, Quốc lộ 1A, KDC TTVH Tây Đô, Phường Cái Răng, Thành phố Cần Thơ
I20: =IFERROR(__xludf.DUMMYFUNCTION("""COMPUTED_VALUE"""),"Chai khác") -> Chai khác | J20: =IFERROR(__xludf.DUMMYFUNCTION("""COMPUTED_VALUE"""),15.0) -> 15 | K20: =IFERROR(__xludf.DUMMYFUNCTION("""COMPUTED_VALUE"""),"Hàng cần thanh toán trước: - Làm hồ sơ 1 ngày - Thanh toán 5 ngày - Sản xuất 7 ngày - Nhận hàng 2 ngày") -> Hàng cần thanh toán trước: - Làm hồ sơ 1 ngày - Thanh toán 5 ngày - Sản xuất 7 ngày - Nhận hàng 2 ngày | L20: =IFERROR(__xludf.DUMMYFUNCTION("""COMPUTED_VALUE"""),46082.0) -> 46082 | M20: =IFERROR(__xludf.DUMMYFUNCTION("""COMPUTED_VALUE"""),FALSE) -> FALSE | T20: =IFERROR(__xludf.DUMMYFUNCTION("""COMPUTED_VALUE"""),"CÔNG TY CP HÓA CHẤT MIỀN NAM") -> CÔNG TY CP HÓA CHẤT MIỀN NAM | U20: =IFERROR(__xludf.DUMMYFUNCTION("""COMPUTED_VALUE"""),"Hóa Chất Miền Nam") -> Hóa Chất Miền Nam | V20: =IFERROR(__xludf.DUMMYFUNCTION("""COMPUTED_VALUE"""),"137B -137C, Trần Hưng Đạo, Phường An Phú, Quận Ninh Kiều, Thành phố Cần Thơ") -> 137B -137C, Trần Hưng Đạo, Phường An Phú, Quận Ninh Kiều, Thành phố Cần Thơ | W20: =IFERROR(__xludf.DUMMYFUNCTION("""COMPUTED_VALUE"""),"1800662621") -> 1800662621 | Y20: =IFERROR(__xludf.DUMMYFUNCTION("""COMPUTED_VALUE"""),"Kho C1-2") -> Kho C1-2 | Z20: =IFERROR(__xludf.DUMMYFUNCTION("""COMPUTED_VALUE"""),"Kho C1-2") -> Kho C1-2 | AA20: =IFERROR(__xludf.DUMMYFUNCTION("""COMPUTED_VALUE"""),"Kho C1-2") -> Kho C1-2
I21: =IFERROR(__xludf.DUMMYFUNCTION("""COMPUTED_VALUE"""),"Nắp") -> Nắp | J21: =IFERROR(__xludf.DUMMYFUNCTION("""COMPUTED_VALUE"""),15.0) -> 15 | K21: =IFERROR(__xludf.DUMMYFUNCTION("""COMPUTED_VALUE"""),"Nắp NCC giao chung hàng với chai.") -> Nắp NCC giao chung hàng với chai. | L21: =IFERROR(__xludf.DUMMYFUNCTION("""COMPUTED_VALUE"""),46082.0) -> 46082 | M21: =IFERROR(__xludf.DUMMYFUNCTION("""COMPUTED_VALUE"""),FALSE) -> FALSE | T21: =IFERROR(__xludf.DUMMYFUNCTION("""COMPUTED_VALUE"""),"CÔNG TY CP QUÔC TẾ TM GROW") -> CÔNG TY CP QUÔC TẾ TM GROW | U21: =IFERROR(__xludf.DUMMYFUNCTION("""COMPUTED_VALUE"""),"Tmg") -> Tmg | V21: =IFERROR(__xludf.DUMMYFUNCTION("""COMPUTED_VALUE"""),"Trung tâm dịch vụ khu công nghiệp Amata, đường Amata, KCN Amata, Phường Long Bình, Thành phố Biên Hoà, Tỉnh Đồng Nai") -> Trung tâm dịch vụ khu công nghiệp Amata, đường Amata, KCN Amata, Phường Long Bình, Thành phố Biên Hoà, Tỉnh Đồng Nai | W21: =IFERROR(__xludf.DUMMYFUNCTION("""COMPUTED_VALUE"""),"3600630513") -> 3600630513 | Y21: =IFERROR(__xludf.DUMMYFUNCTION("""COMPUTED_VALUE"""),"KHO F49 - ICARE") -> KHO F49 - ICARE | Z21: =IFERROR(__xludf.DUMMYFUNCTION("""COMPUTED_VALUE"""),"Kho F49 - Icare") -> Kho F49 - Icare | AA21: =IFERROR(__xludf.DUMMYFUNCTION("""COMPUTED_VALUE"""),"nhà F49 (chạy qua trường lái Chiến Thắng) đường số 7, KDC Long Thịnh, Phường Phú Thứ, Cái Răng, Cần Thơ") -> nhà F49 (chạy qua trường lái Chiến Thắng) đường số 7, KDC Long Thịnh, Phường Phú Thứ, Cái Răng, Cần Thơ
I22: =IFERROR(__xludf.DUMMYFUNCTION("""COMPUTED_VALUE"""),"Cốc đong") -> Cốc đong | J22: =IFERROR(__xludf.DUMMYFUNCTION("""COMPUTED_VALUE"""),15.0) -> 15 | L22: =IFERROR(__xludf.DUMMYFUNCTION("""COMPUTED_VALUE"""),46082.0) -> 46082 | M22: =IFERROR(__xludf.DUMMYFUNCTION("""COMPUTED_VALUE"""),FALSE) -> FALSE | T22: =IFERROR(__xludf.DUMMYFUNCTION("""COMPUTED_VALUE"""),"CÔNG TY CP ĐẮC KHANG") -> CÔNG TY CP ĐẮC KHANG | U22: =IFERROR(__xludf.DUMMYFUNCTION("""COMPUTED_VALUE"""),"Đắc Khang") -> Đắc Khang | V22: =IFERROR(__xludf.DUMMYFUNCTION("""COMPUTED_VALUE"""),"482/10/28A1 Nơ Trang Long, Phường 13, Quận Bình Thạnh, Thành phố Hồ Chí Minh") -> 482/10/28A1 Nơ Trang Long, Phường 13, Quận Bình Thạnh, Thành phố Hồ Chí Minh | W22: =IFERROR(__xludf.DUMMYFUNCTION("""COMPUTED_VALUE"""),"0304714687") -> 0304714687 | Y22: =IFERROR(__xludf.DUMMYFUNCTION("""COMPUTED_VALUE"""),"KHO LAB DEGO") -> KHO LAB DEGO | Z22: =IFERROR(__xludf.DUMMYFUNCTION("""COMPUTED_VALUE"""),"Kho Lab Dego") -> Kho Lab Dego | AA22: =IFERROR(__xludf.DUMMYFUNCTION("""COMPUTED_VALUE"""),"B19 đường dẫn cầu Cần Thơ, Quốc lộ 1A, KDC TTVH Tây Đô, Phường Cái Răng, Thành phố Cần Thơ") -> B19 đường dẫn cầu Cần Thơ, Quốc lộ 1A, KDC TTVH Tây Đô, Phường Cái Răng, Thành phố Cần Thơ
I23: =IFERROR(__xludf.DUMMYFUNCTION("""COMPUTED_VALUE"""),"NL NK") -> NL NK | J23: =IFERROR(__xludf.DUMMYFUNCTION("""COMPUTED_VALUE"""),59.0) -> 59 | K23: =IFERROR(__xludf.DUMMYFUNCTION("""COMPUTED_VALUE"""),"- Làm hợp đồng với NCC cũ: 5 ngày - Chuẩn bị hàng: 14 ngày - Giao hàng 20 ngày - Nhận hàng + thông quan: 20 ngày") -> - Làm hợp đồng với NCC cũ: 5 ngày - Chuẩn bị hàng: 14 ngày - Giao hàng 20 ngày - Nhận hàng + thông quan: 20 ngày | L23: =IFERROR(__xludf.DUMMYFUNCTION("""COMPUTED_VALUE"""),46082.0) -> 46082 | M23: =IFERROR(__xludf.DUMMYFUNCTION("""COMPUTED_VALUE"""),TRUE) -> TRUE | T23: =IFERROR(__xludf.DUMMYFUNCTION("""COMPUTED_VALUE"""),"CÔNG TY TNHH SX TM DV PHÁT ĐẠI LỘC") -> CÔNG TY TNHH SX TM DV PHÁT ĐẠI LỘC | U23: =IFERROR(__xludf.DUMMYFUNCTION("""COMPUTED_VALUE"""),"Phát Đại Lộc") -> Phát Đại Lộc | V23: =IFERROR(__xludf.DUMMYFUNCTION("""COMPUTED_VALUE"""),"Số 24 Đường Hiệp Thành 48, Phường Hiệp Thành, Quận 12, Thành phố Hồ Chí Minh") -> Số 24 Đường Hiệp Thành 48, Phường Hiệp Thành, Quận 12, Thành phố Hồ Chí Minh | W23: =IFERROR(__xludf.DUMMYFUNCTION("""COMPUTED_VALUE"""),"0317409056") -> 0317409056
I24: =IFERROR(__xludf.DUMMYFUNCTION("""COMPUTED_VALUE"""),"NL Icare") -> NL Icare | J24: =IFERROR(__xludf.DUMMYFUNCTION("""COMPUTED_VALUE"""),4.0) -> 4 | K24: =IFERROR(__xludf.DUMMYFUNCTION("""COMPUTED_VALUE"""),"Trong nước, công nợ") -> Trong nước, công nợ | L24: =IFERROR(__xludf.DUMMYFUNCTION("""COMPUTED_VALUE"""),46082.0) -> 46082 | T24: =IFERROR(__xludf.DUMMYFUNCTION("""COMPUTED_VALUE"""),"CÔNG TY TNHH THƯƠNG MẠI HIỀN PHAN") -> CÔNG TY TNHH THƯƠNG MẠI HIỀN PHAN | U24: =IFERROR(__xludf.DUMMYFUNCTION("""COMPUTED_VALUE"""),"Hiền Phan") -> Hiền Phan | V24: =IFERROR(__xludf.DUMMYFUNCTION("""COMPUTED_VALUE"""),"Số 64 Lê Lăng, Phường Phú Thọ Hoà, Quận Tân Phú, Thành phố Hồ Chí Minh") -> Số 64 Lê Lăng, Phường Phú Thọ Hoà, Quận Tân Phú, Thành phố Hồ Chí Minh | W24: =IFERROR(__xludf.DUMMYFUNCTION("""COMPUTED_VALUE"""),"0305877109") -> 0305877109
I25: =IFERROR(__xludf.DUMMYFUNCTION("""COMPUTED_VALUE"""),"Xốp ( bong bóng khí)") -> Xốp ( bong bóng khí) | J25: =IFERROR(__xludf.DUMMYFUNCTION("""COMPUTED_VALUE"""),5.0) -> 5 | L25: =IFERROR(__xludf.DUMMYFUNCTION("""COMPUTED_VALUE"""),46082.0) -> 46082 | T25: =IFERROR(__xludf.DUMMYFUNCTION("""COMPUTED_VALUE"""),"CÔNG TY TNHH XNK HÓA CHẤT VẠN AN") -> CÔNG TY TNHH XNK HÓA CHẤT VẠN AN | U25: =IFERROR(__xludf.DUMMYFUNCTION("""COMPUTED_VALUE"""),"Vạn An") -> Vạn An | V25: =IFERROR(__xludf.DUMMYFUNCTION("""COMPUTED_VALUE"""),"208C Nguyễn Ngọc Nhựt, Phường Tân Quý, Quận Tân Phú, Thành phố Hồ Chí Minh") -> 208C Nguyễn Ngọc Nhựt, Phường Tân Quý, Quận Tân Phú, Thành phố Hồ Chí Minh | W25: =IFERROR(__xludf.DUMMYFUNCTION("""COMPUTED_VALUE"""),"0314845752") -> 0314845752
I26: =IFERROR(__xludf.DUMMYFUNCTION("""COMPUTED_VALUE"""),"Giấy nhiệt K100x150") -> Giấy nhiệt K100x150 | J26: =IFERROR(__xludf.DUMMYFUNCTION("""COMPUTED_VALUE"""),5.0) -> 5 | L26: =IFERROR(__xludf.DUMMYFUNCTION("""COMPUTED_VALUE"""),46082.0) -> 46082 | T26: =IFERROR(__xludf.DUMMYFUNCTION("""COMPUTED_VALUE"""),"CÔNG TY TNHH VĨNH NAM ANH") -> CÔNG TY TNHH VĨNH NAM ANH | U26: =IFERROR(__xludf.DUMMYFUNCTION("""COMPUTED_VALUE"""),"Vĩnh Nam Anh") -> Vĩnh Nam Anh | V26: =IFERROR(__xludf.DUMMYFUNCTION("""COMPUTED_VALUE"""),"65/1 Ấp 1, Bùi Công Trừng, Xã Nhị Bình, Huyện Hóc Môn, Thành phố Hồ Chí Minh") -> 65/1 Ấp 1, Bùi Công Trừng, Xã Nhị Bình, Huyện Hóc Môn, Thành phố Hồ Chí Minh | W26: =IFERROR(__xludf.DUMMYFUNCTION("""COMPUTED_VALUE"""),"0304973949") -> 0304973949
I27: =IFERROR(__xludf.DUMMYFUNCTION("""COMPUTED_VALUE"""),"HDSD Antisol") -> HDSD Antisol | J27: =IFERROR(__xludf.DUMMYFUNCTION("""COMPUTED_VALUE"""),10.0) -> 10 | L27: =IFERROR(__xludf.DUMMYFUNCTION("""COMPUTED_VALUE"""),46082.0) -> 46082 | T27: =IFERROR(__xludf.DUMMYFUNCTION("""COMPUTED_VALUE"""),"CÔNG TY TNHH KỸ THUẬT AN TOÀN MÔI TRƯỜNG HÒA PHÁT") -> CÔNG TY TNHH KỸ THUẬT AN TOÀN MÔI TRƯỜNG HÒA PHÁT | U27: =IFERROR(__xludf.DUMMYFUNCTION("""COMPUTED_VALUE"""),"Hòa Phát") -> Hòa Phát | V27: =IFERROR(__xludf.DUMMYFUNCTION("""COMPUTED_VALUE"""),"173/53 Thoại Ngọc Hầu, Phường Phú Thạnh, Quận Tân Phú, Thành phố Hồ Chí Minh") -> 173/53 Thoại Ngọc Hầu, Phường Phú Thạnh, Quận Tân Phú, Thành phố Hồ Chí Minh | W27: =IFERROR(__xludf.DUMMYFUNCTION("""COMPUTED_VALUE"""),"0312483507") -> 0312483507
I28: =IFERROR(__xludf.DUMMYFUNCTION("""COMPUTED_VALUE"""),"Tem phụ antisol") -> Tem phụ antisol | J28: =IFERROR(__xludf.DUMMYFUNCTION("""COMPUTED_VALUE"""),15.0) -> 15 | L28: =IFERROR(__xludf.DUMMYFUNCTION("""COMPUTED_VALUE"""),46082.0) -> 46082 | T28: =IFERROR(__xludf.DUMMYFUNCTION("""COMPUTED_VALUE"""),"CÔNG TY TNHH NGUYÊN LIỆU NÔNG NGHIỆP MEKONG") -> CÔNG TY TNHH NGUYÊN LIỆU NÔNG NGHIỆP MEKONG | U28: =IFERROR(__xludf.DUMMYFUNCTION("""COMPUTED_VALUE"""),"Mekong") -> Mekong | V28: =IFERROR(__xludf.DUMMYFUNCTION("""COMPUTED_VALUE"""),"Lô Officetel L4-20, tầng 20, Block Lucky, Tòa nhà Richmond City, 207C Nguyễn Xí, Phường Bình Thạnh, TP. Hồ Chí Minh") -> Lô Officetel L4-20, tầng 20, Block Lucky, Tòa nhà Richmond City, 207C Nguyễn Xí, Phường Bình Thạnh, TP. Hồ Chí Minh | W28: =IFERROR(__xludf.DUMMYFUNCTION("""COMPUTED_VALUE"""),"0313587019") -> 0313587019
I29: =IFERROR(__xludf.DUMMYFUNCTION("""COMPUTED_VALUE"""),"Tem chống hàng giả") -> Tem chống hàng giả | J29: =IFERROR(__xludf.DUMMYFUNCTION("""COMPUTED_VALUE"""),10.0) -> 10 | L29: =IFERROR(__xludf.DUMMYFUNCTION("""COMPUTED_VALUE"""),46082.0) -> 46082 | T29: =IFERROR(__xludf.DUMMYFUNCTION("""COMPUTED_VALUE"""),"CÔNG TY TNHH SX VÀ TM AN GIA PHÚ") -> CÔNG TY TNHH SX VÀ TM AN GIA PHÚ | U29: =IFERROR(__xludf.DUMMYFUNCTION("""COMPUTED_VALUE"""),"An Gia Phú") -> An Gia Phú | V29: =IFERROR(__xludf.DUMMYFUNCTION("""COMPUTED_VALUE"""),"40/17/9 Đường số 7, Khu phố 12, Phường Bình Hưng Hòa, Quận Bình Tân, Thành phố Hồ Chí Minh") -> 40/17/9 Đường số 7, Khu phố 12, Phường Bình Hưng Hòa, Quận Bình Tân, Thành phố Hồ Chí Minh | W29: =IFERROR(__xludf.DUMMYFUNCTION("""COMPUTED_VALUE"""),"0313155900") -> 0313155900
I30: =IFERROR(__xludf.DUMMYFUNCTION("""COMPUTED_VALUE"""),"Chai Pet có vòi") -> Chai Pet có vòi | J30: =IFERROR(__xludf.DUMMYFUNCTION("""COMPUTED_VALUE"""),15.0) -> 15 | L30: =IFERROR(__xludf.DUMMYFUNCTION("""COMPUTED_VALUE"""),46082.0) -> 46082 | T30: =IFERROR(__xludf.DUMMYFUNCTION("""COMPUTED_VALUE"""),"CÔNG TY TNHH XNK NGÀN HƯƠNG") -> CÔNG TY TNHH XNK NGÀN HƯƠNG | U30: =IFERROR(__xludf.DUMMYFUNCTION("""COMPUTED_VALUE"""),"Ngàn Hương") -> Ngàn Hương | V30: =IFERROR(__xludf.DUMMYFUNCTION("""COMPUTED_VALUE"""),"133K, Trần Hưng Đạo, Phường An Phú, Quận Ninh Kiều, Thành phố Cần Thơ") -> 133K, Trần Hưng Đạo, Phường An Phú, Quận Ninh Kiều, Thành phố Cần Thơ | W30: =IFERROR(__xludf.DUMMYFUNCTION("""COMPUTED_VALUE"""),"1800385992") -> 1800385992
I31: =IFERROR(__xludf.DUMMYFUNCTION("""COMPUTED_VALUE"""),"Hộp trắng") -> Hộp trắng | J31: =IFERROR(__xludf.DUMMYFUNCTION("""COMPUTED_VALUE"""),10.0) -> 10 | L31: =IFERROR(__xludf.DUMMYFUNCTION("""COMPUTED_VALUE"""),46082.0) -> 46082 | T31: =IFERROR(__xludf.DUMMYFUNCTION("""COMPUTED_VALUE"""),"CÔNG TY CỔ PHẦN MẠNH ĐAN") -> CÔNG TY CỔ PHẦN MẠNH ĐAN | U31: =IFERROR(__xludf.DUMMYFUNCTION("""COMPUTED_VALUE"""),"Mạnh Đan") -> Mạnh Đan | V31: =IFERROR(__xludf.DUMMYFUNCTION("""COMPUTED_VALUE"""),"43 Đường số 5, Cư xá Chu Văn An, Phường 26, Quận Bình Thạnh, Thành phố Hồ Chí Minh") -> 43 Đường số 5, Cư xá Chu Văn An, Phường 26, Quận Bình Thạnh, Thành phố Hồ Chí Minh | W31: =IFERROR(__xludf.DUMMYFUNCTION("""COMPUTED_VALUE"""),"0311118396") -> 0311118396
I32: =IFERROR(__xludf.DUMMYFUNCTION("""COMPUTED_VALUE"""),"Màng co") -> Màng co | J32: =IFERROR(__xludf.DUMMYFUNCTION("""COMPUTED_VALUE"""),20.0) -> 20 | K32: =IFERROR(__xludf.DUMMYFUNCTION("""COMPUTED_VALUE"""),"NCC quá tải chưa tìm được NCC mới giá cạnh tranh") -> NCC quá tải chưa tìm được NCC mới giá cạnh tranh | L32: =IFERROR(__xludf.DUMMYFUNCTION("""COMPUTED_VALUE"""),46082.0) -> 46082 | T32: =IFERROR(__xludf.DUMMYFUNCTION("""COMPUTED_VALUE"""),"CÔNG TY TNHH VẬT TƯ NÔNG NGHIỆP TRUNG PHONG") -> CÔNG TY TNHH VẬT TƯ NÔNG NGHIỆP TRUNG PHONG | U32: =IFERROR(__xludf.DUMMYFUNCTION("""COMPUTED_VALUE"""),"Trung Phong") -> Trung Phong | V32: =IFERROR(__xludf.DUMMYFUNCTION("""COMPUTED_VALUE"""),"36/7 Lam Sơn , Phường 6, Quận Bình Thạnh, Thành phố Hồ Chí Minh") -> 36/7 Lam Sơn , Phường 6, Quận Bình Thạnh, Thành phố Hồ Chí Minh | W32: =IFERROR(__xludf.DUMMYFUNCTION("""COMPUTED_VALUE"""),"0314509888") -> 0314509888
I33: =IFERROR(__xludf.DUMMYFUNCTION("""COMPUTED_VALUE"""),"NL NK") -> NL NK | J33: =IFERROR(__xludf.DUMMYFUNCTION("""COMPUTED_VALUE"""),59.0) -> 59 | K33: =IFERROR(__xludf.DUMMYFUNCTION("""COMPUTED_VALUE"""),"- Làm hợp đồng với NCC mới: 5 ngày - Chuẩn bị hàng: 14 ngày - Giao hàng 20 ngày - Nhận hàng + thông quan: 20 ngày Đối với đường bay thì 41 ngày") -> - Làm hợp đồng với NCC mới: 5 ngày - Chuẩn bị hàng: 14 ngày - Giao hàng 20 ngày - Nhận hàng + thông quan: 20 ngày Đối với đường bay thì 41 ngày | L33: =IFERROR(__xludf.DUMMYFUNCTION("""COMPUTED_VALUE"""),46082.0) -> 46082 | M33: =IFERROR(__xludf.DUMMYFUNCTION("""COMPUTED_VALUE"""),FALSE) -> FALSE | T33: =IFERROR(__xludf.DUMMYFUNCTION("""COMPUTED_VALUE"""),"CÔNG TY TNHH SOLUTION JD") -> CÔNG TY TNHH SOLUTION JD | U33: =IFERROR(__xludf.DUMMYFUNCTION("""COMPUTED_VALUE"""),"Jd") -> Jd | V33: =IFERROR(__xludf.DUMMYFUNCTION("""COMPUTED_VALUE"""),"43 đường số 5, cư xá Chu Văn An , Phường 26, Quận Bình Thạnh, Thành phố Hồ Chí Minh") -> 43 đường số 5, cư xá Chu Văn An , Phường 26, Quận Bình Thạnh, Thành phố Hồ Chí Minh | W33: =IFERROR(__xludf.DUMMYFUNCTION("""COMPUTED_VALUE"""),"0314465052") -> 0314465052
I34: =IFERROR(__xludf.DUMMYFUNCTION("""COMPUTED_VALUE"""),"Túi in cuộn màng") -> Túi in cuộn màng | J34: =IFERROR(__xludf.DUMMYFUNCTION("""COMPUTED_VALUE"""),14.0) -> 14 | K34: =IFERROR(__xludf.DUMMYFUNCTION("""COMPUTED_VALUE"""),"Nhãn túi") -> Nhãn túi | L34: =IFERROR(__xludf.DUMMYFUNCTION("""COMPUTED_VALUE"""),46120.0) -> 46120 | T34: =IFERROR(__xludf.DUMMYFUNCTION("""COMPUTED_VALUE"""),"CÔNG TY TNHH KING ELONG") -> CÔNG TY TNHH KING ELONG | U34: =IFERROR(__xludf.DUMMYFUNCTION("""COMPUTED_VALUE"""),"Kel") -> Kel | V34: =IFERROR(__xludf.DUMMYFUNCTION("""COMPUTED_VALUE"""),"Lô Officetel L5-20, Tầng 20, Block Lucky, Tòa nhà Richmond City, 207C Nguyễn Xí, Phường 26, Quận Bình Thạnh, TP Hồ Chí Minh, Việt Nam") -> Lô Officetel L5-20, Tầng 20, Block Lucky, Tòa nhà Richmond City, 207C Nguyễn Xí, Phường 26, Quận Bình Thạnh, TP Hồ Chí Minh, Việt Nam | W34: =IFERROR(__xludf.DUMMYFUNCTION("""COMPUTED_VALUE"""),"0317197235") -> 0317197235
I35: =IFERROR(__xludf.DUMMYFUNCTION("""COMPUTED_VALUE"""),"Vận chuyển") -> Vận chuyển | L35: =IFERROR(__xludf.DUMMYFUNCTION("""COMPUTED_VALUE"""),46130.0) -> 46130 | T35: =IFERROR(__xludf.DUMMYFUNCTION("""COMPUTED_VALUE"""),"CÔNG TY TNHH HOÁ SINH NTK") -> CÔNG TY TNHH HOÁ SINH NTK | U35: =IFERROR(__xludf.DUMMYFUNCTION("""COMPUTED_VALUE"""),"Ntk") -> Ntk | V35: =IFERROR(__xludf.DUMMYFUNCTION("""COMPUTED_VALUE"""),"Lô B113, đường số 5, KCN Thái Hoà, Xã Đức Lập Hạ, Huyện Đức Hoà, Tỉnh Long An") -> Lô B113, đường số 5, KCN Thái Hoà, Xã Đức Lập Hạ, Huyện Đức Hoà, Tỉnh Long An | W35: =IFERROR(__xludf.DUMMYFUNCTION("""COMPUTED_VALUE"""),"1102004566") -> 1102004566
I36: =IFERROR(__xludf.DUMMYFUNCTION("""COMPUTED_VALUE"""),"Băng keo") -> Băng keo | J36: =IFERROR(__xludf.DUMMYFUNCTION("""COMPUTED_VALUE"""),5.0) -> 5 | L36: =IFERROR(__xludf.DUMMYFUNCTION("""COMPUTED_VALUE"""),46082.0) -> 46082 | T36: =IFERROR(__xludf.DUMMYFUNCTION("""COMPUTED_VALUE"""),"CÔNG TY TNHH CÂY XANH MỘC LAN") -> CÔNG TY TNHH CÂY XANH MỘC LAN | U36: =IFERROR(__xludf.DUMMYFUNCTION("""COMPUTED_VALUE"""),"Mộc Lan") -> Mộc Lan | V36: =IFERROR(__xludf.DUMMYFUNCTION("""COMPUTED_VALUE"""),"Số 112/8/2 Tổ 8, khu phố Tân Cang, phường Phước Tân, TP Biên Hòa, tỉnh Đồng Nai") -> Số 112/8/2 Tổ 8, khu phố Tân Cang, phường Phước Tân, TP Biên Hòa, tỉnh Đồng Nai | W36: =IFERROR(__xludf.DUMMYFUNCTION("""COMPUTED_VALUE"""),"3603725410") -> 3603725410
I37: =IFERROR(__xludf.DUMMYFUNCTION("""COMPUTED_VALUE"""),"Cuộn PE") -> Cuộn PE | J37: =IFERROR(__xludf.DUMMYFUNCTION("""COMPUTED_VALUE"""),7.0) -> 7 | L37: =IFERROR(__xludf.DUMMYFUNCTION("""COMPUTED_VALUE"""),46143.0) -> 46143 | T37: =IFERROR(__xludf.DUMMYFUNCTION("""COMPUTED_VALUE"""),"CÔNG TY TNHH THƯƠNG MẠI HÓA CHẤT NAM BÌNH") -> CÔNG TY TNHH THƯƠNG MẠI HÓA CHẤT NAM BÌNH | U37: =IFERROR(__xludf.DUMMYFUNCTION("""COMPUTED_VALUE"""),"Nam Bình") -> Nam Bình | V37: =IFERROR(__xludf.DUMMYFUNCTION("""COMPUTED_VALUE"""),"4/107, Ấp Nhị Tân 2, Xã Tân Thới Nhì, Huyện Hóc Môn, Thành phố Hồ Chí Minh") -> 4/107, Ấp Nhị Tân 2, Xã Tân Thới Nhì, Huyện Hóc Môn, Thành phố Hồ Chí Minh | W37: =IFERROR(__xludf.DUMMYFUNCTION("""COMPUTED_VALUE"""),"0309910935") -> 0309910935
I38: =IFERROR(__xludf.DUMMYFUNCTION("""COMPUTED_VALUE"""),"Lon") -> Lon | J38: =IFERROR(__xludf.DUMMYFUNCTION("""COMPUTED_VALUE"""),7.0) -> 7 | K38: =IFERROR(__xludf.DUMMYFUNCTION("""COMPUTED_VALUE"""),"Hàng cần thanh toán trước: - Làm hồ sơ 1 ngày - Thanh toán 5 ngày - Sản xuất 0 ngày - Nhận hàng 2 ngày") -> Hàng cần thanh toán trước: - Làm hồ sơ 1 ngày - Thanh toán 5 ngày - Sản xuất 0 ngày - Nhận hàng 2 ngày | L38: =IFERROR(__xludf.DUMMYFUNCTION("""COMPUTED_VALUE"""),46174.0) -> 46174 | M38: =IFERROR(__xludf.DUMMYFUNCTION("""COMPUTED_VALUE"""),TRUE) -> TRUE | T38: =IFERROR(__xludf.DUMMYFUNCTION("""COMPUTED_VALUE"""),"CÔNG TY TNHH XNK KẾT NÔNG") -> CÔNG TY TNHH XNK KẾT NÔNG | U38: =IFERROR(__xludf.DUMMYFUNCTION("""COMPUTED_VALUE"""),"Kết Nông") -> Kết Nông | V38: =IFERROR(__xludf.DUMMYFUNCTION("""COMPUTED_VALUE"""),"119/83 Nguyễn Thị Tần, Phường 2, Quận 8, TP HCM") -> 119/83 Nguyễn Thị Tần, Phường 2, Quận 8, TP HCM | W38: =IFERROR(__xludf.DUMMYFUNCTION("""COMPUTED_VALUE"""),"0315006943") -> 0315006943
I39: =IFERROR(__xludf.DUMMYFUNCTION("""COMPUTED_VALUE"""),"Lon") -> Lon | J39: =IFERROR(__xludf.DUMMYFUNCTION("""COMPUTED_VALUE"""),15.0) -> 15 | K39: =IFERROR(__xludf.DUMMYFUNCTION("""COMPUTED_VALUE"""),"Hàng cần thanh toán trước: - Làm hồ sơ 1 ngày - Thanh toán 5 ngày - Sản xuất 7 ngày - Nhận hàng 2 ngày") -> Hàng cần thanh toán trước: - Làm hồ sơ 1 ngày - Thanh toán 5 ngày - Sản xuất 7 ngày - Nhận hàng 2 ngày | L39: =IFERROR(__xludf.DUMMYFUNCTION("""COMPUTED_VALUE"""),46174.0) -> 46174 | M39: =IFERROR(__xludf.DUMMYFUNCTION("""COMPUTED_VALUE"""),FALSE) -> FALSE | T39: =IFERROR(__xludf.DUMMYFUNCTION("""COMPUTED_VALUE"""),"CÔNG TY TNHH HÓA CHẤT MÊ KÔNG") -> CÔNG TY TNHH HÓA CHẤT MÊ KÔNG | U39: =IFERROR(__xludf.DUMMYFUNCTION("""COMPUTED_VALUE"""),"Hóa Chất Mê Kông") -> Hóa Chất Mê Kông | V39: =IFERROR(__xludf.DUMMYFUNCTION("""COMPUTED_VALUE"""),"74A Đường số 18, Phường 8, Quận Gò Vấp, TP.HCM, Việt Nam") -> 74A Đường số 18, Phường 8, Quận Gò Vấp, TP.HCM, Việt Nam | W39: =IFERROR(__xludf.DUMMYFUNCTION("""COMPUTED_VALUE"""),"0304920055") -> 0304920055
I40: =IFERROR(__xludf.DUMMYFUNCTION("""COMPUTED_VALUE"""),"VTBB SX") -> VTBB SX | J40: =IFERROR(__xludf.DUMMYFUNCTION("""COMPUTED_VALUE"""),7.0) -> 7 | K40: =IFERROR(__xludf.DUMMYFUNCTION("""COMPUTED_VALUE"""),"Hàng cần thanh toán trước: - Làm hồ sơ 1 ngày - Thanh toán 5 ngày - Sản xuất 0 ngày - Nhận hàng 2 ngày") -> Hàng cần thanh toán trước: - Làm hồ sơ 1 ngày - Thanh toán 5 ngày - Sản xuất 0 ngày - Nhận hàng 2 ngày | L40: =IFERROR(__xludf.DUMMYFUNCTION("""COMPUTED_VALUE"""),46174.0) -> 46174 | M40: =IFERROR(__xludf.DUMMYFUNCTION("""COMPUTED_VALUE"""),TRUE) -> TRUE | T40: =IFERROR(__xludf.DUMMYFUNCTION("""COMPUTED_VALUE"""),"CÔNG TY CỔ PHẦN THIẾT BỊ ĐỆ NHẤT") -> CÔNG TY CỔ PHẦN THIẾT BỊ ĐỆ NHẤT | U40: =IFERROR(__xludf.DUMMYFUNCTION("""COMPUTED_VALUE"""),"Đệ Nhất") -> Đệ Nhất | V40: =IFERROR(__xludf.DUMMYFUNCTION("""COMPUTED_VALUE"""),"Tầng 3, Phòng 3.07, khu I, Tòa nhà The Prince Residence, số 19-21 Nguyễn Văn Trỗi, Phường 11, Quận Phú Nhuận, Thành phố Hồ Chí Minh, Việt Nam") -> Tầng 3, Phòng 3.07, khu I, Tòa nhà The Prince Residence, số 19-21 Nguyễn Văn Trỗi, Phường 11, Quận Phú Nhuận, Thành phố Hồ Chí Minh, Việt Nam | W40: =IFERROR(__xludf.DUMMYFUNCTION("""COMPUTED_VALUE"""),"0310937272") -> 0310937272
I41: =IFERROR(__xludf.DUMMYFUNCTION("""COMPUTED_VALUE"""),"VTBB SX") -> VTBB SX | J41: =IFERROR(__xludf.DUMMYFUNCTION("""COMPUTED_VALUE"""),15.0) -> 15 | K41: =IFERROR(__xludf.DUMMYFUNCTION("""COMPUTED_VALUE"""),"Hàng cần thanh toán trước: - Làm hồ sơ 1 ngày - Thanh toán 5 ngày - Sản xuất 0 ngày - Nhận hàng 2 ngày") -> Hàng cần thanh toán trước: - Làm hồ sơ 1 ngày - Thanh toán 5 ngày - Sản xuất 0 ngày - Nhận hàng 2 ngày | L41: =IFERROR(__xludf.DUMMYFUNCTION("""COMPUTED_VALUE"""),46174.0) -> 46174 | M41: =IFERROR(__xludf.DUMMYFUNCTION("""COMPUTED_VALUE"""),FALSE) -> FALSE | T41: =IFERROR(__xludf.DUMMYFUNCTION("""COMPUTED_VALUE"""),"CÔNG TY TNHH SVC CHEMICAL") -> CÔNG TY TNHH SVC CHEMICAL | U41: =IFERROR(__xludf.DUMMYFUNCTION("""COMPUTED_VALUE"""),"Svc") -> Svc | V41: =IFERROR(__xludf.DUMMYFUNCTION("""COMPUTED_VALUE"""),"Số nhà C17, đường số 4, KDC Trần Anh, Ấp Mới 2, Xã Mỹ Hạnh Nam, Huyện Đức Hòa, Tình Long An") -> Số nhà C17, đường số 4, KDC Trần Anh, Ấp Mới 2, Xã Mỹ Hạnh Nam, Huyện Đức Hòa, Tình Long An | W41: =IFERROR(__xludf.DUMMYFUNCTION("""COMPUTED_VALUE"""),"1101987225") -> 1101987225
I42: =IFERROR(__xludf.DUMMYFUNCTION("""COMPUTED_VALUE"""),"Túi Zip") -> Túi Zip | J42: =IFERROR(__xludf.DUMMYFUNCTION("""COMPUTED_VALUE"""),7.0) -> 7 | K42: =IFERROR(__xludf.DUMMYFUNCTION("""COMPUTED_VALUE"""),"Hàng cần thanh toán trước: - Làm hồ sơ 1 ngày - Thanh toán 5 ngày - Sản xuất 0 ngày - Nhận hàng 2 ngày") -> Hàng cần thanh toán trước: - Làm hồ sơ 1 ngày - Thanh toán 5 ngày - Sản xuất 0 ngày - Nhận hàng 2 ngày | L42: =IFERROR(__xludf.DUMMYFUNCTION("""COMPUTED_VALUE"""),46174.0) -> 46174 | T42: =IFERROR(__xludf.DUMMYFUNCTION("""COMPUTED_VALUE"""),"CÔNG TY TNHH KHẢ DOANH") -> CÔNG TY TNHH KHẢ DOANH | U42: =IFERROR(__xludf.DUMMYFUNCTION("""COMPUTED_VALUE"""),"Khả Doanh") -> Khả Doanh | V42: =IFERROR(__xludf.DUMMYFUNCTION("""COMPUTED_VALUE"""),"9/27 Phạm Văn Hai, Phường 1, Quận Tân Bình, TP Hồ Chí Minh") -> 9/27 Phạm Văn Hai, Phường 1, Quận Tân Bình, TP Hồ Chí Minh | W42: =IFERROR(__xludf.DUMMYFUNCTION("""COMPUTED_VALUE"""),"0303557142") -> 0303557142
I43: =IFERROR(__xludf.DUMMYFUNCTION("""COMPUTED_VALUE"""),"Túi PA") -> Túi PA | J43: =IFERROR(__xludf.DUMMYFUNCTION("""COMPUTED_VALUE"""),7.0) -> 7 | K43: =IFERROR(__xludf.DUMMYFUNCTION("""COMPUTED_VALUE"""),"Hàng cần thanh toán trước: - Làm hồ sơ 1 ngày - Thanh toán 5 ngày - Sản xuất 0 ngày - Nhận hàng 2 ngày") -> Hàng cần thanh toán trước: - Làm hồ sơ 1 ngày - Thanh toán 5 ngày - Sản xuất 0 ngày - Nhận hàng 2 ngày | L43: =IFERROR(__xludf.DUMMYFUNCTION("""COMPUTED_VALUE"""),46182.0) -> 46182 | T43: =IFERROR(__xludf.DUMMYFUNCTION("""COMPUTED_VALUE"""),"CÔNG TY TNHH BASEL THỤY SĨ") -> CÔNG TY TNHH BASEL THỤY SĨ | U43: =IFERROR(__xludf.DUMMYFUNCTION("""COMPUTED_VALUE"""),"Basel Thụy Sĩ") -> Basel Thụy Sĩ | V43: =IFERROR(__xludf.DUMMYFUNCTION("""COMPUTED_VALUE"""),"Lô H2A đường số 4, KCN Hải Sơn (GĐ 3+4), ấp Bình Tiền 2, Xã Đức Hòa Hạ, Huyện Đức Hoà, Tỉnh Long An") -> Lô H2A đường số 4, KCN Hải Sơn (GĐ 3+4), ấp Bình Tiền 2, Xã Đức Hòa Hạ, Huyện Đức Hoà, Tỉnh Long An | W43: =IFERROR(__xludf.DUMMYFUNCTION("""COMPUTED_VALUE"""),"1101742391") -> 1101742391
I44: =IFERROR(__xludf.DUMMYFUNCTION("""COMPUTED_VALUE"""),"Tank") -> Tank | J44: =IFERROR(__xludf.DUMMYFUNCTION("""COMPUTED_VALUE"""),7.0) -> 7 | K44: =IFERROR(__xludf.DUMMYFUNCTION("""COMPUTED_VALUE"""),"Hàng cần thanh toán trước: - Làm hồ sơ 1 ngày - Thanh toán 5 ngày - Sản xuất 0 ngày - Nhận hàng 2 ngày") -> Hàng cần thanh toán trước: - Làm hồ sơ 1 ngày - Thanh toán 5 ngày - Sản xuất 0 ngày - Nhận hàng 2 ngày | L44: =IFERROR(__xludf.DUMMYFUNCTION("""COMPUTED_VALUE"""),46182.0) -> 46182 | M44: =IFERROR(__xludf.DUMMYFUNCTION("""COMPUTED_VALUE"""),TRUE) -> TRUE | T44: =IFERROR(__xludf.DUMMYFUNCTION("""COMPUTED_VALUE"""),"CÔNG TY TNHH DƯỢC LIỆU THIÊN NHIÊN XANH") -> CÔNG TY TNHH DƯỢC LIỆU THIÊN NHIÊN XANH | U44: =IFERROR(__xludf.DUMMYFUNCTION("""COMPUTED_VALUE"""),"Thiên Nhiên Xanh") -> Thiên Nhiên Xanh | V44: =IFERROR(__xludf.DUMMYFUNCTION("""COMPUTED_VALUE"""),"85A Ỷ Lan, Phường Hiệp Tân, Quận Tân Phú, Thành phố Hồ Chí Minh, Việt Nam") -> 85A Ỷ Lan, Phường Hiệp Tân, Quận Tân Phú, Thành phố Hồ Chí Minh, Việt Nam | W44: =IFERROR(__xludf.DUMMYFUNCTION("""COMPUTED_VALUE"""),"0314051566") -> 0314051566
I45: =IFERROR(__xludf.DUMMYFUNCTION("""COMPUTED_VALUE"""),"Tank") -> Tank | J45: =IFERROR(__xludf.DUMMYFUNCTION("""COMPUTED_VALUE"""),15.0) -> 15 | K45: =IFERROR(__xludf.DUMMYFUNCTION("""COMPUTED_VALUE"""),"Hàng cần thanh toán trước: - Làm hồ sơ 1 ngày - Thanh toán 5 ngày - Sản xuất 0 ngày - Nhận hàng 2 ngày") -> Hàng cần thanh toán trước: - Làm hồ sơ 1 ngày - Thanh toán 5 ngày - Sản xuất 0 ngày - Nhận hàng 2 ngày | L45: =IFERROR(__xludf.DUMMYFUNCTION("""COMPUTED_VALUE"""),46182.0) -> 46182 | M45: =IFERROR(__xludf.DUMMYFUNCTION("""COMPUTED_VALUE"""),FALSE) -> FALSE | T45: =IFERROR(__xludf.DUMMYFUNCTION("""COMPUTED_VALUE"""),"CÔNG TY TNHH THỊNH PHÁT VI NA") -> CÔNG TY TNHH THỊNH PHÁT VI NA | U45: =IFERROR(__xludf.DUMMYFUNCTION("""COMPUTED_VALUE"""),"Thịnh Phát Vi Na") -> Thịnh Phát Vi Na | V45: =IFERROR(__xludf.DUMMYFUNCTION("""COMPUTED_VALUE"""),"110 Đường số 30, Phường An Lạc, Thành phố Hồ Chí Minh, Việt Nam") -> 110 Đường số 30, Phường An Lạc, Thành phố Hồ Chí Minh, Việt Nam | W45: =IFERROR(__xludf.DUMMYFUNCTION("""COMPUTED_VALUE"""),"0303702463") -> 0303702463
I46: =IFERROR(__xludf.DUMMYFUNCTION("""COMPUTED_VALUE"""),"Chai Pet") -> Chai Pet | J46: =IFERROR(__xludf.DUMMYFUNCTION("""COMPUTED_VALUE"""),7.0) -> 7 | K46: =IFERROR(__xludf.DUMMYFUNCTION("""COMPUTED_VALUE"""),"Hàng cần thanh toán trước: - Làm hồ sơ 1 ngày - Thanh toán 5 ngày - Sản xuất 0 ngày - Nhận hàng 2 ngày") -> Hàng cần thanh toán trước: - Làm hồ sơ 1 ngày - Thanh toán 5 ngày - Sản xuất 0 ngày - Nhận hàng 2 ngày | L46: =IFERROR(__xludf.DUMMYFUNCTION("""COMPUTED_VALUE"""),46082.0) -> 46082 | M46: =IFERROR(__xludf.DUMMYFUNCTION("""COMPUTED_VALUE"""),TRUE) -> TRUE | T46: =IFERROR(__xludf.DUMMYFUNCTION("""COMPUTED_VALUE"""),"CÔNG TY TNHH SẢN XUẤT VÀ THƯƠNG MẠI NGUYỄN BÁ") -> CÔNG TY TNHH SẢN XUẤT VÀ THƯƠNG MẠI NGUYỄN BÁ | U46: =IFERROR(__xludf.DUMMYFUNCTION("""COMPUTED_VALUE"""),"Nguyễn Bá") -> Nguyễn Bá | V46: =IFERROR(__xludf.DUMMYFUNCTION("""COMPUTED_VALUE"""),"10-12 Trung Lang, Phường Bảy Hiền, TP Hồ Chí Minh, Việt Nam") -> 10-12 Trung Lang, Phường Bảy Hiền, TP Hồ Chí Minh, Việt Nam | W46: =IFERROR(__xludf.DUMMYFUNCTION("""COMPUTED_VALUE"""),"0308923441") -> 0308923441
I47: =IFERROR(__xludf.DUMMYFUNCTION("""COMPUTED_VALUE"""),"Chai Pet") -> Chai Pet | J47: =IFERROR(__xludf.DUMMYFUNCTION("""COMPUTED_VALUE"""),15.0) -> 15 | K47: =IFERROR(__xludf.DUMMYFUNCTION("""COMPUTED_VALUE"""),"Hàng cần thanh toán trước: - Làm hồ sơ 1 ngày - Thanh toán 5 ngày - Sản xuất 7 ngày - Nhận hàng 2 ngày") -> Hàng cần thanh toán trước: - Làm hồ sơ 1 ngày - Thanh toán 5 ngày - Sản xuất 7 ngày - Nhận hàng 2 ngày | L47: =IFERROR(__xludf.DUMMYFUNCTION("""COMPUTED_VALUE"""),46082.0) -> 46082 | M47: =IFERROR(__xludf.DUMMYFUNCTION("""COMPUTED_VALUE"""),FALSE) -> FALSE | T47: =IFERROR(__xludf.DUMMYFUNCTION("""COMPUTED_VALUE"""),"CÔNG TY CỔ PHẦN XUẤT NHẬP KHẨU THƯƠNG MẠI SẢN XUẤT HÓA CHẤT THUẬN DUYÊN") -> CÔNG TY CỔ PHẦN XUẤT NHẬP KHẨU THƯƠNG MẠI SẢN XUẤT HÓA CHẤT THUẬN DUYÊN | U47: =IFERROR(__xludf.DUMMYFUNCTION("""COMPUTED_VALUE"""),"Thuận Duyên") -> Thuận Duyên | V47: =IFERROR(__xludf.DUMMYFUNCTION("""COMPUTED_VALUE"""),"49/6G Bà Điểm 11, Ấp Đông Lân, Xã Bà Điểm, TP Hồ Chí Minh, Việt Nam") -> 49/6G Bà Điểm 11, Ấp Đông Lân, Xã Bà Điểm, TP Hồ Chí Minh, Việt Nam | W47: =IFERROR(__xludf.DUMMYFUNCTION("""COMPUTED_VALUE"""),"0311269934") -> 0311269934
I48: =IFERROR(__xludf.DUMMYFUNCTION("""COMPUTED_VALUE"""),"Chai Hdpe") -> Chai Hdpe | J48: =IFERROR(__xludf.DUMMYFUNCTION("""COMPUTED_VALUE"""),7.0) -> 7 | K48: =IFERROR(__xludf.DUMMYFUNCTION("""COMPUTED_VALUE"""),"Hàng cần thanh toán trước: - Làm hồ sơ 1 ngày - Thanh toán 5 ngày - Sản xuất 0 ngày - Nhận hàng 2 ngày") -> Hàng cần thanh toán trước: - Làm hồ sơ 1 ngày - Thanh toán 5 ngày - Sản xuất 0 ngày - Nhận hàng 2 ngày | L48: =IFERROR(__xludf.DUMMYFUNCTION("""COMPUTED_VALUE"""),46082.0) -> 46082 | M48: =IFERROR(__xludf.DUMMYFUNCTION("""COMPUTED_VALUE"""),TRUE) -> TRUE | T48: =IFERROR(__xludf.DUMMYFUNCTION("""COMPUTED_VALUE"""),"CÔNG TY CỔ PHẦN VIỆT MỸ CẦN THƠ") -> CÔNG TY CỔ PHẦN VIỆT MỸ CẦN THƠ | U48: =IFERROR(__xludf.DUMMYFUNCTION("""COMPUTED_VALUE"""),"Việt Mỹ") -> Việt Mỹ | V48: =IFERROR(__xludf.DUMMYFUNCTION("""COMPUTED_VALUE""")," M40- đường 3A- KDC Hưng Phú 1- Quận Cái Răng- TP.Cần Thơ ") -> M40- đường 3A- KDC Hưng Phú 1- Quận Cái Răng- TP.Cần Thơ | W48: =IFERROR(__xludf.DUMMYFUNCTION("""COMPUTED_VALUE"""),"1801548985") -> 1801548985
I49: =IFERROR(__xludf.DUMMYFUNCTION("""COMPUTED_VALUE"""),"Chai Hdpe") -> Chai Hdpe | J49: =IFERROR(__xludf.DUMMYFUNCTION("""COMPUTED_VALUE"""),15.0) -> 15 | K49: =IFERROR(__xludf.DUMMYFUNCTION("""COMPUTED_VALUE"""),"Hàng cần thanh toán trước: - Làm hồ sơ 1 ngày - Thanh toán 5 ngày - Sản xuất 7 ngày - Nhận hàng 2 ngày") -> Hàng cần thanh toán trước: - Làm hồ sơ 1 ngày - Thanh toán 5 ngày - Sản xuất 7 ngày - Nhận hàng 2 ngày | L49: =IFERROR(__xludf.DUMMYFUNCTION("""COMPUTED_VALUE"""),46082.0) -> 46082 | M49: =IFERROR(__xludf.DUMMYFUNCTION("""COMPUTED_VALUE"""),FALSE) -> FALSE | T49: =IFERROR(__xludf.DUMMYFUNCTION("""COMPUTED_VALUE"""),"CÔNG TY CỔ PHẦN XUẤT NHẬP KHẨU CHÂU NGÂN") -> CÔNG TY CỔ PHẦN XUẤT NHẬP KHẨU CHÂU NGÂN | U49: =IFERROR(__xludf.DUMMYFUNCTION("""COMPUTED_VALUE"""),"Châu Ngân") -> Châu Ngân | V49: =IFERROR(__xludf.DUMMYFUNCTION("""COMPUTED_VALUE""")," 71 Đường Số 27, KDC Tân Quy Đông, Phường Tân Hưng, Thành phố Hồ Chí Minh, Việt Nam ") -> 71 Đường Số 27, KDC Tân Quy Đông, Phường Tân Hưng, Thành phố Hồ Chí Minh, Việt Nam | W49: =IFERROR(__xludf.DUMMYFUNCTION("""COMPUTED_VALUE"""),"0309818111") -> 0309818111
I50: =IFERROR(__xludf.DUMMYFUNCTION("""COMPUTED_VALUE"""),"Chai Pape") -> Chai Pape | J50: =IFERROR(__xludf.DUMMYFUNCTION("""COMPUTED_VALUE"""),7.0) -> 7 | K50: =IFERROR(__xludf.DUMMYFUNCTION("""COMPUTED_VALUE"""),"Hàng cần thanh toán trước: - Làm hồ sơ 1 ngày - Thanh toán 5 ngày - Sản xuất 0 ngày - Nhận hàng 2 ngày") -> Hàng cần thanh toán trước: - Làm hồ sơ 1 ngày - Thanh toán 5 ngày - Sản xuất 0 ngày - Nhận hàng 2 ngày | L50: =IFERROR(__xludf.DUMMYFUNCTION("""COMPUTED_VALUE"""),46082.0) -> 46082 | M50: =IFERROR(__xludf.DUMMYFUNCTION("""COMPUTED_VALUE"""),TRUE) -> TRUE | T50: =IFERROR(__xludf.DUMMYFUNCTION("""COMPUTED_VALUE"""),"CÔNG TY TNHH THIẾT BỊ - HÓA CHẤT KHOA HỌC KỸ THUẬT AN KHÁNH") -> CÔNG TY TNHH THIẾT BỊ - HÓA CHẤT KHOA HỌC KỸ THUẬT AN KHÁNH | U50: =IFERROR(__xludf.DUMMYFUNCTION("""COMPUTED_VALUE"""),"An Khánh") -> An Khánh | V50: =IFERROR(__xludf.DUMMYFUNCTION("""COMPUTED_VALUE""")," 43, đường 14, Khu tái định cư Thới Nhựt, Phường Tân An, TP Cần Thơ, Việt Nam ") -> 43, đường 14, Khu tái định cư Thới Nhựt, Phường Tân An, TP Cần Thơ, Việt Nam | W50: =IFERROR(__xludf.DUMMYFUNCTION("""COMPUTED_VALUE"""),"1800702458") -> 1800702458
I51: =IFERROR(__xludf.DUMMYFUNCTION("""COMPUTED_VALUE"""),"Chai Pape") -> Chai Pape | J51: =IFERROR(__xludf.DUMMYFUNCTION("""COMPUTED_VALUE"""),15.0) -> 15 | K51: =IFERROR(__xludf.DUMMYFUNCTION("""COMPUTED_VALUE"""),"Hàng cần thanh toán trước: - Làm hồ sơ 1 ngày - Thanh toán 5 ngày - Sản xuất 7 ngày - Nhận hàng 2 ngày") -> Hàng cần thanh toán trước: - Làm hồ sơ 1 ngày - Thanh toán 5 ngày - Sản xuất 7 ngày - Nhận hàng 2 ngày | L51: =IFERROR(__xludf.DUMMYFUNCTION("""COMPUTED_VALUE"""),46082.0) -> 46082 | M51: =IFERROR(__xludf.DUMMYFUNCTION("""COMPUTED_VALUE"""),FALSE) -> FALSE | T51: =IFERROR(__xludf.DUMMYFUNCTION("""COMPUTED_VALUE"""),"CÔNG TY TNHH NUTIFER VN") -> CÔNG TY TNHH NUTIFER VN | U51: =IFERROR(__xludf.DUMMYFUNCTION("""COMPUTED_VALUE"""),"Nutifer Vn") -> Nutifer Vn | V51: =IFERROR(__xludf.DUMMYFUNCTION("""COMPUTED_VALUE""")," Lô D01A, CCN Đức Thuận, KCN Đức Hoà 3, Ấp Tràm Lạc, Xã Đức Lập, Tỉnh Tây Ninh, Việt Nam ") -> Lô D01A, CCN Đức Thuận, KCN Đức Hoà 3, Ấp Tràm Lạc, Xã Đức Lập, Tỉnh Tây Ninh, Việt Nam | W51: =IFERROR(__xludf.DUMMYFUNCTION("""COMPUTED_VALUE"""),"1101793371") -> 1101793371
I52: =IFERROR(__xludf.DUMMYFUNCTION("""COMPUTED_VALUE"""),"Chai Nhôm nhập khẩu") -> Chai Nhôm nhập khẩu | J52: =IFERROR(__xludf.DUMMYFUNCTION("""COMPUTED_VALUE"""),33.0) -> 33 | K52: =IFERROR(__xludf.DUMMYFUNCTION("""COMPUTED_VALUE"""),"Hàng cần thanh toán trước: - Làm hồ sơ 1 ngày - Nhập khẩu : 25 ngày - Thanh toán 5 ngày - Nhận hàng 2 ngày (Thông tin tham khảo từ Ms Ly/ Thu mua check lại)") -> Hàng cần thanh toán trước: - Làm hồ sơ 1 ngày - Nhập khẩu : 25 ngày - Thanh toán 5 ngày - Nhận hàng 2 ngày (Thông tin tham khảo từ Ms Ly/ Thu mua check lại) | L52: =IFERROR(__xludf.DUMMYFUNCTION("""COMPUTED_VALUE"""),46082.0) -> 46082 | M52: =IFERROR(__xludf.DUMMYFUNCTION("""COMPUTED_VALUE"""),FALSE) -> FALSE | T52: =IFERROR(__xludf.DUMMYFUNCTION("""COMPUTED_VALUE"""),"CÔNG TY TNHH TM HIỀN PHAN LONG AN") -> CÔNG TY TNHH TM HIỀN PHAN LONG AN | U52: =IFERROR(__xludf.DUMMYFUNCTION("""COMPUTED_VALUE"""),"Hiền Phan Long An") -> Hiền Phan Long An | V52: =IFERROR(__xludf.DUMMYFUNCTION("""COMPUTED_VALUE""")," Lô A5.1, Đường số 1, KCN Đức Hòa III - Tập Đoàn Tân Á Đại Thành, Ấp Đức Hạnh 2, Xã Đức Lập, Tỉnh Tây Ninh, Việt Nam ") -> Lô A5.1, Đường số 1, KCN Đức Hòa III - Tập Đoàn Tân Á Đại Thành, Ấp Đức Hạnh 2, Xã Đức Lập, Tỉnh Tây Ninh, Việt Nam | W52: =IFERROR(__xludf.DUMMYFUNCTION("""COMPUTED_VALUE"""),"1102007045") -> 1102007045
I53: =IFERROR(__xludf.DUMMYFUNCTION("""COMPUTED_VALUE"""),"Chai Pet giả nhôm") -> Chai Pet giả nhôm | J53: =IFERROR(__xludf.DUMMYFUNCTION("""COMPUTED_VALUE"""),7.0) -> 7 | L53: =IFERROR(__xludf.DUMMYFUNCTION("""COMPUTED_VALUE"""),46082.0) -> 46082 | M53: =IFERROR(__xludf.DUMMYFUNCTION("""COMPUTED_VALUE"""),TRUE) -> TRUE | T53: =IFERROR(__xludf.DUMMYFUNCTION("""COMPUTED_VALUE"""),"CÔNG TY CỔ PHẦN CVGREEN") -> CÔNG TY CỔ PHẦN CVGREEN | U53: =IFERROR(__xludf.DUMMYFUNCTION("""COMPUTED_VALUE"""),"Cvgr") -> Cvgr | V53: =IFERROR(__xludf.DUMMYFUNCTION("""COMPUTED_VALUE""")," 14/4 Thạnh Xuân 18, Phường Thới An, Thành Phố Hồ Chí Minh, Việt Nam ") -> 14/4 Thạnh Xuân 18, Phường Thới An, Thành Phố Hồ Chí Minh, Việt Nam | W53: =IFERROR(__xludf.DUMMYFUNCTION("""COMPUTED_VALUE"""),"0316184314") -> 0316184314
I54: =IFERROR(__xludf.DUMMYFUNCTION("""COMPUTED_VALUE"""),"Chai Pet giả nhôm") -> Chai Pet giả nhôm | J54: =IFERROR(__xludf.DUMMYFUNCTION("""COMPUTED_VALUE"""),15.0) -> 15 | L54: =IFERROR(__xludf.DUMMYFUNCTION("""COMPUTED_VALUE"""),46082.0) -> 46082 | M54: =IFERROR(__xludf.DUMMYFUNCTION("""COMPUTED_VALUE"""),FALSE) -> FALSE | T54: =IFERROR(__xludf.DUMMYFUNCTION("""COMPUTED_VALUE"""),"CÔNG TY TNHH THƯƠNG MẠI DỊCH VỤ NAMSIANG VIỆT NAM") -> CÔNG TY TNHH THƯƠNG MẠI DỊCH VỤ NAMSIANG VIỆT NAM | U54: =IFERROR(__xludf.DUMMYFUNCTION("""COMPUTED_VALUE"""),"Namsiang") -> Namsiang | V54: =IFERROR(__xludf.DUMMYFUNCTION("""COMPUTED_VALUE""")," 180/21 Lý Thánh Tông, Phường Phú Thạnh, Thành phố Hồ Chí Minh, Việt Nam ") -> 180/21 Lý Thánh Tông, Phường Phú Thạnh, Thành phố Hồ Chí Minh, Việt Nam | W54: =IFERROR(__xludf.DUMMYFUNCTION("""COMPUTED_VALUE"""),"0310194210") -> 0310194210
I55: =IFERROR(__xludf.DUMMYFUNCTION("""COMPUTED_VALUE"""),"Chai HD giả nhôm") -> Chai HD giả nhôm | J55: =IFERROR(__xludf.DUMMYFUNCTION("""COMPUTED_VALUE"""),7.0) -> 7 | L55: =IFERROR(__xludf.DUMMYFUNCTION("""COMPUTED_VALUE"""),46082.0) -> 46082 | M55: =IFERROR(__xludf.DUMMYFUNCTION("""COMPUTED_VALUE"""),TRUE) -> TRUE | T55: =IFERROR(__xludf.DUMMYFUNCTION("""COMPUTED_VALUE"""),"CÔNG TY TNHH NAM HÀ") -> CÔNG TY TNHH NAM HÀ | U55: =IFERROR(__xludf.DUMMYFUNCTION("""COMPUTED_VALUE"""),"Nam Hà") -> Nam Hà | V55: =IFERROR(__xludf.DUMMYFUNCTION("""COMPUTED_VALUE""")," 103 Lý Tự Trọng, Phường Ninh Kiều, Thành phố Cần Thơ ") -> 103 Lý Tự Trọng, Phường Ninh Kiều, Thành phố Cần Thơ | W55: =IFERROR(__xludf.DUMMYFUNCTION("""COMPUTED_VALUE"""),"1800567865") -> 1800567865
I56: =IFERROR(__xludf.DUMMYFUNCTION("""COMPUTED_VALUE"""),"Chai HD giả nhôm") -> Chai HD giả nhôm | J56: =IFERROR(__xludf.DUMMYFUNCTION("""COMPUTED_VALUE"""),15.0) -> 15 | L56: =IFERROR(__xludf.DUMMYFUNCTION("""COMPUTED_VALUE"""),46082.0) -> 46082 | M56: =IFERROR(__xludf.DUMMYFUNCTION("""COMPUTED_VALUE"""),FALSE) -> FALSE | T56: =IFERROR(__xludf.DUMMYFUNCTION("""COMPUTED_VALUE"""),"CÔNG TY TNHH SẢN XUẤT VÀ THƯƠNG MẠI DƯỢC LIỆU KỲ ANH") -> CÔNG TY TNHH SẢN XUẤT VÀ THƯƠNG MẠI DƯỢC LIỆU KỲ ANH | U56: =IFERROR(__xludf.DUMMYFUNCTION("""COMPUTED_VALUE"""),"Kỳ Anh") -> Kỳ Anh | V56: =IFERROR(__xludf.DUMMYFUNCTION("""COMPUTED_VALUE""")," Ấp Mỹ Hòa 1, Xã Tháp Mười, Tỉnh Đồng Tháp, Việt Nam ") -> Ấp Mỹ Hòa 1, Xã Tháp Mười, Tỉnh Đồng Tháp, Việt Nam | W56: =IFERROR(__xludf.DUMMYFUNCTION("""COMPUTED_VALUE"""),"1402129830") -> 1402129830
I57: =IFERROR(__xludf.DUMMYFUNCTION("""COMPUTED_VALUE"""),"Chai Pape giả nhôm") -> Chai Pape giả nhôm | J57: =IFERROR(__xludf.DUMMYFUNCTION("""COMPUTED_VALUE"""),7.0) -> 7 | L57: =IFERROR(__xludf.DUMMYFUNCTION("""COMPUTED_VALUE"""),46082.0) -> 46082 | M57: =IFERROR(__xludf.DUMMYFUNCTION("""COMPUTED_VALUE"""),TRUE) -> TRUE | T57: =IFERROR(__xludf.DUMMYFUNCTION("""COMPUTED_VALUE"""),"CÔNG TY TNHH THƯƠNG MẠI DỊCH VỤ IN ẤN TRƯƠNG GIA PHƯỚC") -> CÔNG TY TNHH THƯƠNG MẠI DỊCH VỤ IN ẤN TRƯƠNG GIA PHƯỚC | U57: =IFERROR(__xludf.DUMMYFUNCTION("""COMPUTED_VALUE"""),"Trương Gia Phước") -> Trương Gia Phước | V57: =IFERROR(__xludf.DUMMYFUNCTION("""COMPUTED_VALUE""")," Số 311 Nguyễn Văn Cừ, Phường Cái Khế, Thành phố Cần Thơ, Việt Nam ") -> Số 311 Nguyễn Văn Cừ, Phường Cái Khế, Thành phố Cần Thơ, Việt Nam | W57: =IFERROR(__xludf.DUMMYFUNCTION("""COMPUTED_VALUE"""),"1801514778") -> 1801514778
I58: =IFERROR(__xludf.DUMMYFUNCTION("""COMPUTED_VALUE"""),"Chai Pape giả nhôm") -> Chai Pape giả nhôm | J58: =IFERROR(__xludf.DUMMYFUNCTION("""COMPUTED_VALUE"""),15.0) -> 15 | L58: =IFERROR(__xludf.DUMMYFUNCTION("""COMPUTED_VALUE"""),46082.0) -> 46082 | M58: =IFERROR(__xludf.DUMMYFUNCTION("""COMPUTED_VALUE"""),FALSE) -> FALSE | T58: =IFERROR(__xludf.DUMMYFUNCTION("""COMPUTED_VALUE"""),"DOANH NGHIỆP TƯ NHÂN NHƯ CƯƠNG") -> DOANH NGHIỆP TƯ NHÂN NHƯ CƯƠNG | U58: =IFERROR(__xludf.DUMMYFUNCTION("""COMPUTED_VALUE"""),"Như Cương") -> Như Cương | V58: =IFERROR(__xludf.DUMMYFUNCTION("""COMPUTED_VALUE""")," 78, đường 30/4, phường Ninh Kiều, TP Cần Thơ ") -> 78, đường 30/4, phường Ninh Kiều, TP Cần Thơ | W58: =IFERROR(__xludf.DUMMYFUNCTION("""COMPUTED_VALUE"""),"1800525914") -> 1800525914
I59: =IFERROR(__xludf.DUMMYFUNCTION("""COMPUTED_VALUE"""),"Chai Pet có vòi") -> Chai Pet có vòi | J59: =IFERROR(__xludf.DUMMYFUNCTION("""COMPUTED_VALUE"""),10.0) -> 10 | L59: =IFERROR(__xludf.DUMMYFUNCTION("""COMPUTED_VALUE"""),46082.0) -> 46082 | M59: =IFERROR(__xludf.DUMMYFUNCTION("""COMPUTED_VALUE"""),TRUE) -> TRUE | T59: =IFERROR(__xludf.DUMMYFUNCTION("""COMPUTED_VALUE"""),"CÔNG TY TNHH IN ẤN KỸ THUẬT MỚI TÂN HOA MAI") -> CÔNG TY TNHH IN ẤN KỸ THUẬT MỚI TÂN HOA MAI | U59: =IFERROR(__xludf.DUMMYFUNCTION("""COMPUTED_VALUE"""),"Tân Hoa Mai") -> Tân Hoa Mai | V59: =IFERROR(__xludf.DUMMYFUNCTION("""COMPUTED_VALUE""")," 96/5A Đặng Thùy Trâm, Phường Bình Lợi Trung, Thành Phố Hồ Chí Minh, Việt Nam ") -> 96/5A Đặng Thùy Trâm, Phường Bình Lợi Trung, Thành Phố Hồ Chí Minh, Việt Nam | W59: =IFERROR(__xludf.DUMMYFUNCTION("""COMPUTED_VALUE"""),"0311275254") -> 0311275254
I60: =IFERROR(__xludf.DUMMYFUNCTION("""COMPUTED_VALUE"""),"Chai Pet có vòi") -> Chai Pet có vòi | J60: =IFERROR(__xludf.DUMMYFUNCTION("""COMPUTED_VALUE"""),15.0) -> 15 | L60: =IFERROR(__xludf.DUMMYFUNCTION("""COMPUTED_VALUE"""),46082.0) -> 46082 | M60: =IFERROR(__xludf.DUMMYFUNCTION("""COMPUTED_VALUE"""),FALSE) -> FALSE | T60: =IFERROR(__xludf.DUMMYFUNCTION("""COMPUTED_VALUE"""),"HỢP TÁC XÃ SẢN XUẤT THƯƠNG MẠI NÔNG, THỦY SẢN CÁNH BUỒM VÀNG") -> HỢP TÁC XÃ SẢN XUẤT THƯƠNG MẠI NÔNG, THỦY SẢN CÁNH BUỒM VÀNG | U60: =IFERROR(__xludf.DUMMYFUNCTION("""COMPUTED_VALUE"""),"Cbv") -> Cbv | V60: =IFERROR(__xludf.DUMMYFUNCTION("""COMPUTED_VALUE""")," B14/257 Ấp 2, xã Tân Nhựt, huyện Bình Chánh, TP. Hồ Chí Minh ") -> B14/257 Ấp 2, xã Tân Nhựt, huyện Bình Chánh, TP. Hồ Chí Minh | W60: =IFERROR(__xludf.DUMMYFUNCTION("""COMPUTED_VALUE"""),"0315907352") -> 0315907352
I61: =IFERROR(__xludf.DUMMYFUNCTION("""COMPUTED_VALUE"""),"Nắp Hdpe") -> Nắp Hdpe | J61: =IFERROR(__xludf.DUMMYFUNCTION("""COMPUTED_VALUE"""),7.0) -> 7 | K61: =IFERROR(__xludf.DUMMYFUNCTION("""COMPUTED_VALUE"""),"Nắp NCC giao chung hàng với chai.") -> Nắp NCC giao chung hàng với chai. | L61: =IFERROR(__xludf.DUMMYFUNCTION("""COMPUTED_VALUE"""),46082.0) -> 46082 | M61: =IFERROR(__xludf.DUMMYFUNCTION("""COMPUTED_VALUE"""),TRUE) -> TRUE | T61: =IFERROR(__xludf.DUMMYFUNCTION("""COMPUTED_VALUE"""),"CÔNG TY TNHH TMDV LADYBUG VIỆT NAM") -> CÔNG TY TNHH TMDV LADYBUG VIỆT NAM | U61: =IFERROR(__xludf.DUMMYFUNCTION("""COMPUTED_VALUE"""),"Ldb") -> Ldb | V61: =IFERROR(__xludf.DUMMYFUNCTION("""COMPUTED_VALUE""")," 32/36/27 Ông Ích Khiêm, Phường 14, Quận 11, TP Hồ Chí Minh ") -> 32/36/27 Ông Ích Khiêm, Phường 14, Quận 11, TP Hồ Chí Minh | W61: =IFERROR(__xludf.DUMMYFUNCTION("""COMPUTED_VALUE"""),"0317370225") -> 0317370225
I62: =IFERROR(__xludf.DUMMYFUNCTION("""COMPUTED_VALUE"""),"Nắp Hdpe") -> Nắp Hdpe | J62: =IFERROR(__xludf.DUMMYFUNCTION("""COMPUTED_VALUE"""),15.0) -> 15 | K62: =IFERROR(__xludf.DUMMYFUNCTION("""COMPUTED_VALUE"""),"Nắp NCC giao chung hàng với chai.") -> Nắp NCC giao chung hàng với chai. | L62: =IFERROR(__xludf.DUMMYFUNCTION("""COMPUTED_VALUE"""),46082.0) -> 46082 | M62: =IFERROR(__xludf.DUMMYFUNCTION("""COMPUTED_VALUE"""),FALSE) -> FALSE | T62: =IFERROR(__xludf.DUMMYFUNCTION("""COMPUTED_VALUE"""),"CÔNG TY TNHH CEMACO VIỆT NAM") -> CÔNG TY TNHH CEMACO VIỆT NAM | U62: =IFERROR(__xludf.DUMMYFUNCTION("""COMPUTED_VALUE"""),"Cmc") -> Cmc | V62: =IFERROR(__xludf.DUMMYFUNCTION("""COMPUTED_VALUE""")," 87B1 Ung Văn Khiêm, P. Cái Khế, Q. Ninh Kiều, Thành phố Cần Thơ, Việt Nam ") -> 87B1 Ung Văn Khiêm, P. Cái Khế, Q. Ninh Kiều, Thành phố Cần Thơ, Việt Nam | W62: =IFERROR(__xludf.DUMMYFUNCTION("""COMPUTED_VALUE"""),"0108075628-005") -> 0108075628-005
I63: =IFERROR(__xludf.DUMMYFUNCTION("""COMPUTED_VALUE"""),"Nắp Pet") -> Nắp Pet | J63: =IFERROR(__xludf.DUMMYFUNCTION("""COMPUTED_VALUE"""),7.0) -> 7 | K63: =IFERROR(__xludf.DUMMYFUNCTION("""COMPUTED_VALUE"""),"Nắp NCC giao chung hàng với chai.") -> Nắp NCC giao chung hàng với chai. | L63: =IFERROR(__xludf.DUMMYFUNCTION("""COMPUTED_VALUE"""),46082.0) -> 46082 | M63: =IFERROR(__xludf.DUMMYFUNCTION("""COMPUTED_VALUE"""),TRUE) -> TRUE | T63: =IFERROR(__xludf.DUMMYFUNCTION("""COMPUTED_VALUE"""),"CÔNG TY CP CÔNG NGHỆ AQUADELTA") -> CÔNG TY CP CÔNG NGHỆ AQUADELTA | U63: =IFERROR(__xludf.DUMMYFUNCTION("""COMPUTED_VALUE"""),"Aq") -> Aq | V63: =IFERROR(__xludf.DUMMYFUNCTION("""COMPUTED_VALUE""")," 55 đường 3/2, phường Hưng lợi, quận Ninh Kiều, TPCT ") -> 55 đường 3/2, phường Hưng lợi, quận Ninh Kiều, TPCT | W63: =IFERROR(__xludf.DUMMYFUNCTION("""COMPUTED_VALUE"""),"1801666202") -> 1801666202
I64: =IFERROR(__xludf.DUMMYFUNCTION("""COMPUTED_VALUE"""),"Nắp Pet") -> Nắp Pet | J64: =IFERROR(__xludf.DUMMYFUNCTION("""COMPUTED_VALUE"""),15.0) -> 15 | K64: =IFERROR(__xludf.DUMMYFUNCTION("""COMPUTED_VALUE"""),"Nắp NCC giao chung hàng với chai.") -> Nắp NCC giao chung hàng với chai. | L64: =IFERROR(__xludf.DUMMYFUNCTION("""COMPUTED_VALUE"""),46082.0) -> 46082 | M64: =IFERROR(__xludf.DUMMYFUNCTION("""COMPUTED_VALUE"""),FALSE) -> FALSE | T64: =IFERROR(__xludf.DUMMYFUNCTION("""COMPUTED_VALUE"""),"CÔNG TY TNHH HÓA CHẤT PHÂN BÓN, THUỐC BVTV DUBAI") -> CÔNG TY TNHH HÓA CHẤT PHÂN BÓN, THUỐC BVTV DUBAI | U64: =IFERROR(__xludf.DUMMYFUNCTION("""COMPUTED_VALUE"""),"Du Bai") -> Du Bai | V64: =IFERROR(__xludf.DUMMYFUNCTION("""COMPUTED_VALUE""")," Lô B115, Đường số 5, KCN Thái Hòa, Ấp Tân Hòa, Xã Đức Lập Hạ, Huyện Đức Hòa, Tỉnh Long An ") -> Lô B115, Đường số 5, KCN Thái Hòa, Ấp Tân Hòa, Xã Đức Lập Hạ, Huyện Đức Hòa, Tỉnh Long An | W64: =IFERROR(__xludf.DUMMYFUNCTION("""COMPUTED_VALUE"""),"1101798524") -> 1101798524
I65: =IFERROR(__xludf.DUMMYFUNCTION("""COMPUTED_VALUE"""),"Can HDPE") -> Can HDPE | J65: =IFERROR(__xludf.DUMMYFUNCTION("""COMPUTED_VALUE"""),5.0) -> 5 | K65: =IFERROR(__xludf.DUMMYFUNCTION("""COMPUTED_VALUE"""),"Thông tin tham khảo từ Ms Ly/ Thu mua check lại") -> Thông tin tham khảo từ Ms Ly/ Thu mua check lại | L65: =IFERROR(__xludf.DUMMYFUNCTION("""COMPUTED_VALUE"""),46082.0) -> 46082 | M65: =IFERROR(__xludf.DUMMYFUNCTION("""COMPUTED_VALUE"""),TRUE) -> TRUE | T65: =IFERROR(__xludf.DUMMYFUNCTION("""COMPUTED_VALUE"""),"CÔNG TY CỔ PHẦN GEMACHEM VIỆT NAM") -> CÔNG TY CỔ PHẦN GEMACHEM VIỆT NAM | U65: =IFERROR(__xludf.DUMMYFUNCTION("""COMPUTED_VALUE"""),"Gemachem") -> Gemachem | V65: =IFERROR(__xludf.DUMMYFUNCTION("""COMPUTED_VALUE""")," 46 Ngồ Quyền, P Hàng Bài, Quận Hoàn Kiếm, TP Hà Nội ") -> 46 Ngồ Quyền, P Hàng Bài, Quận Hoàn Kiếm, TP Hà Nội | W65: =IFERROR(__xludf.DUMMYFUNCTION("""COMPUTED_VALUE"""),"0102135197") -> 0102135197
I66: =IFERROR(__xludf.DUMMYFUNCTION("""COMPUTED_VALUE"""),"Can HDPE") -> Can HDPE | J66: =IFERROR(__xludf.DUMMYFUNCTION("""COMPUTED_VALUE"""),7.0) -> 7 | K66: =IFERROR(__xludf.DUMMYFUNCTION("""COMPUTED_VALUE"""),"Thông tin tham khảo từ Ms Ly/ Thu mua check lại") -> Thông tin tham khảo từ Ms Ly/ Thu mua check lại | L66: =IFERROR(__xludf.DUMMYFUNCTION("""COMPUTED_VALUE"""),46082.0) -> 46082 | M66: =IFERROR(__xludf.DUMMYFUNCTION("""COMPUTED_VALUE"""),FALSE) -> FALSE | T66: =IFERROR(__xludf.DUMMYFUNCTION("""COMPUTED_VALUE"""),"CÔNG TY TNHHH THƯƠNG MẠI GEMSKY") -> CÔNG TY TNHHH THƯƠNG MẠI GEMSKY | U66: =IFERROR(__xludf.DUMMYFUNCTION("""COMPUTED_VALUE"""),"Gemsky") -> Gemsky | V66: =IFERROR(__xludf.DUMMYFUNCTION("""COMPUTED_VALUE""")," 507 Lũy Bán Bích, Phường Phú Thạnh, TP HCM ") -> 507 Lũy Bán Bích, Phường Phú Thạnh, TP HCM | W66: =IFERROR(__xludf.DUMMYFUNCTION("""COMPUTED_VALUE"""),"0316840661") -> 0316840661
I67: =IFERROR(__xludf.DUMMYFUNCTION("""COMPUTED_VALUE"""),"Xô HDPE") -> Xô HDPE | J67: =IFERROR(__xludf.DUMMYFUNCTION("""COMPUTED_VALUE"""),5.0) -> 5 | K67: =IFERROR(__xludf.DUMMYFUNCTION("""COMPUTED_VALUE"""),"Thông tin tham khảo từ Ms Ly/ Thu mua check lại") -> Thông tin tham khảo từ Ms Ly/ Thu mua check lại | L67: =IFERROR(__xludf.DUMMYFUNCTION("""COMPUTED_VALUE"""),46082.0) -> 46082 | M67: =IFERROR(__xludf.DUMMYFUNCTION("""COMPUTED_VALUE"""),TRUE) -> TRUE | T67: =IFERROR(__xludf.DUMMYFUNCTION("""COMPUTED_VALUE"""),"CÔNG TY CỔ PHẦN THIẾT BỊ KIỂM ĐỊNH AN PHÁT") -> CÔNG TY CỔ PHẦN THIẾT BỊ KIỂM ĐỊNH AN PHÁT | U67: =IFERROR(__xludf.DUMMYFUNCTION("""COMPUTED_VALUE"""),"An Phát") -> An Phát | V67: =IFERROR(__xludf.DUMMYFUNCTION("""COMPUTED_VALUE""")," Km số 9, đường 72, xã Cộng Hòa, huyện Quốc Oai, thành phố Hà Nội. ") -> Km số 9, đường 72, xã Cộng Hòa, huyện Quốc Oai, thành phố Hà Nội. | W67: =IFERROR(__xludf.DUMMYFUNCTION("""COMPUTED_VALUE"""),"0108673258") -> 0108673258
I68: =IFERROR(__xludf.DUMMYFUNCTION("""COMPUTED_VALUE"""),"Xô HDPE") -> Xô HDPE | J68: =IFERROR(__xludf.DUMMYFUNCTION("""COMPUTED_VALUE"""),7.0) -> 7 | K68: =IFERROR(__xludf.DUMMYFUNCTION("""COMPUTED_VALUE"""),"Thông tin tham khảo từ Ms Ly/ Thu mua check lại") -> Thông tin tham khảo từ Ms Ly/ Thu mua check lại | L68: =IFERROR(__xludf.DUMMYFUNCTION("""COMPUTED_VALUE"""),46082.0) -> 46082 | M68: =IFERROR(__xludf.DUMMYFUNCTION("""COMPUTED_VALUE"""),FALSE) -> FALSE | T68: =IFERROR(__xludf.DUMMYFUNCTION("""COMPUTED_VALUE"""),"Cửa Hàng Phương Lâm") -> Cửa Hàng Phương Lâm | U68: =IFERROR(__xludf.DUMMYFUNCTION("""COMPUTED_VALUE"""),"Phương Lâm") -> Phương Lâm | V68: =IFERROR(__xludf.DUMMYFUNCTION("""COMPUTED_VALUE""")," Ngõ 2 đội 3 Võng La - Đông Anh - Hà Nội ") -> Ngõ 2 đội 3 Võng La - Đông Anh - Hà Nội
I69: =IFERROR(__xludf.DUMMYFUNCTION("""COMPUTED_VALUE"""),"Nhãn giấy") -> Nhãn giấy | J69: =IFERROR(__xludf.DUMMYFUNCTION("""COMPUTED_VALUE"""),7.0) -> 7 | L69: =IFERROR(__xludf.DUMMYFUNCTION("""COMPUTED_VALUE"""),46082.0) -> 46082 | M69: =IFERROR(__xludf.DUMMYFUNCTION("""COMPUTED_VALUE"""),FALSE) -> FALSE | T69: =IFERROR(__xludf.DUMMYFUNCTION("""COMPUTED_VALUE"""),"CÔNG TY TNHH KHAI NHẬT") -> CÔNG TY TNHH KHAI NHẬT | U69: =IFERROR(__xludf.DUMMYFUNCTION("""COMPUTED_VALUE"""),"Khai Nhật") -> Khai Nhật | V69: =IFERROR(__xludf.DUMMYFUNCTION("""COMPUTED_VALUE""")," Tầng 15, P.1508 Tòa nhà Vincom Center, Số 72 Lê Thánh Tôn, Phường Bến Nghé, Quận 1, Thành phố Hồ Chí Minh, Việt Nam ") -> Tầng 15, P.1508 Tòa nhà Vincom Center, Số 72 Lê Thánh Tôn, Phường Bến Nghé, Quận 1, Thành phố Hồ Chí Minh, Việt Nam | W69: =IFERROR(__xludf.DUMMYFUNCTION("""COMPUTED_VALUE"""),"0317473485") -> 0317473485
I70: =IFERROR(__xludf.DUMMYFUNCTION("""COMPUTED_VALUE"""),"Nhãn Decal") -> Nhãn Decal | J70: =IFERROR(__xludf.DUMMYFUNCTION("""COMPUTED_VALUE"""),7.0) -> 7 | L70: =IFERROR(__xludf.DUMMYFUNCTION("""COMPUTED_VALUE"""),46082.0) -> 46082 | M70: =IFERROR(__xludf.DUMMYFUNCTION("""COMPUTED_VALUE"""),FALSE) -> FALSE | T70: =IFERROR(__xludf.DUMMYFUNCTION("""COMPUTED_VALUE"""),"CÔNG TY CP SAM CHEM QUẢ CẦU") -> CÔNG TY CP SAM CHEM QUẢ CẦU | U70: =IFERROR(__xludf.DUMMYFUNCTION("""COMPUTED_VALUE"""),"Sam Chem") -> Sam Chem | V70: =IFERROR(__xludf.DUMMYFUNCTION("""COMPUTED_VALUE""")," Lầu 7, Số 82 Trần Huy Liệu - Phường 15 - Quận Phú Nhuận - TP HCM ") -> Lầu 7, Số 82 Trần Huy Liệu - Phường 15 - Quận Phú Nhuận - TP HCM | W70: =IFERROR(__xludf.DUMMYFUNCTION("""COMPUTED_VALUE"""),"0304750798") -> 0304750798
I71: =IFERROR(__xludf.DUMMYFUNCTION("""COMPUTED_VALUE"""),"Nhãn Phụ") -> Nhãn Phụ | J71: =IFERROR(__xludf.DUMMYFUNCTION("""COMPUTED_VALUE"""),7.0) -> 7 | L71: =IFERROR(__xludf.DUMMYFUNCTION("""COMPUTED_VALUE"""),46082.0) -> 46082 | M71: =IFERROR(__xludf.DUMMYFUNCTION("""COMPUTED_VALUE"""),FALSE) -> FALSE | T71: =IFERROR(__xludf.DUMMYFUNCTION("""COMPUTED_VALUE"""),"CÔNG TY CP ĐẦU TƯ PHÁT TRIỂN THƯƠNG MẠI VÀ DỊCH VỤ THÙY ANH") -> CÔNG TY CP ĐẦU TƯ PHÁT TRIỂN THƯƠNG MẠI VÀ DỊCH VỤ THÙY ANH | U71: =IFERROR(__xludf.DUMMYFUNCTION("""COMPUTED_VALUE"""),"Thùy Anh") -> Thùy Anh | V71: =IFERROR(__xludf.DUMMYFUNCTION("""COMPUTED_VALUE""")," Thửa đất số 1, khu đất dịch vụ thôn Yên Vĩnh, xã Kim Chung, huyện Hoài Đức, TP Hà Nội33/4F ") -> Thửa đất số 1, khu đất dịch vụ thôn Yên Vĩnh, xã Kim Chung, huyện Hoài Đức, TP Hà Nội33/4F | W71: =IFERROR(__xludf.DUMMYFUNCTION("""COMPUTED_VALUE"""),"0109206922") -> 0109206922
I72: =IFERROR(__xludf.DUMMYFUNCTION("""COMPUTED_VALUE"""),"Nhãn Metalize") -> Nhãn Metalize | J72: =IFERROR(__xludf.DUMMYFUNCTION("""COMPUTED_VALUE"""),12.0) -> 12 | L72: =IFERROR(__xludf.DUMMYFUNCTION("""COMPUTED_VALUE"""),46082.0) -> 46082 | M72: =IFERROR(__xludf.DUMMYFUNCTION("""COMPUTED_VALUE"""),FALSE) -> FALSE | T72: =IFERROR(__xludf.DUMMYFUNCTION("""COMPUTED_VALUE"""),"CÔNG TY TNHH THIẾT BỊ KHOA HỌC CÔNG NGHỆ HKM") -> CÔNG TY TNHH THIẾT BỊ KHOA HỌC CÔNG NGHỆ HKM | U72: =IFERROR(__xludf.DUMMYFUNCTION("""COMPUTED_VALUE"""),"Hkm") -> Hkm | V72: =IFERROR(__xludf.DUMMYFUNCTION("""COMPUTED_VALUE""")," 52/4T Đường Xuân Thới 3, Ấp Xuân Thới Đông 2, Xã Xuân Thới Đông, Huyện Hóc Môn, Thành phố Hồ Chí Minh, Việt Nam ") -> 52/4T Đường Xuân Thới 3, Ấp Xuân Thới Đông 2, Xã Xuân Thới Đông, Huyện Hóc Môn, Thành phố Hồ Chí Minh, Việt Nam | W72: =IFERROR(__xludf.DUMMYFUNCTION("""COMPUTED_VALUE"""),"0312965740") -> 0312965740
I73: =IFERROR(__xludf.DUMMYFUNCTION("""COMPUTED_VALUE"""),"Nhãn dán thùng") -> Nhãn dán thùng | J73: =IFERROR(__xludf.DUMMYFUNCTION("""COMPUTED_VALUE"""),7.0) -> 7 | L73: =IFERROR(__xludf.DUMMYFUNCTION("""COMPUTED_VALUE"""),46082.0) -> 46082 | M73: =IFERROR(__xludf.DUMMYFUNCTION("""COMPUTED_VALUE"""),FALSE) -> FALSE | T73: =IFERROR(__xludf.DUMMYFUNCTION("""COMPUTED_VALUE"""),"CÔNG TY TNHH CÔNG NGHIỆP MỸ KỲ") -> CÔNG TY TNHH CÔNG NGHIỆP MỸ KỲ | U73: =IFERROR(__xludf.DUMMYFUNCTION("""COMPUTED_VALUE"""),"Mỹ Kỳ") -> Mỹ Kỳ | V73: =IFERROR(__xludf.DUMMYFUNCTION("""COMPUTED_VALUE""")," 87/1 Đường TL 41, Phường An Phú Đông, Thành phố Hồ Chí Minh, Việt Nam ") -> 87/1 Đường TL 41, Phường An Phú Đông, Thành phố Hồ Chí Minh, Việt Nam | W73: =IFERROR(__xludf.DUMMYFUNCTION("""COMPUTED_VALUE"""),"0313245382") -> 0313245382
I74: =IFERROR(__xludf.DUMMYFUNCTION("""COMPUTED_VALUE"""),"Cốc đong") -> Cốc đong | J74: =IFERROR(__xludf.DUMMYFUNCTION("""COMPUTED_VALUE"""),15.0) -> 15 | K74: =IFERROR(__xludf.DUMMYFUNCTION("""COMPUTED_VALUE"""),"Cốc đong NCC giao chung hàng với chai.") -> Cốc đong NCC giao chung hàng với chai. | L74: =IFERROR(__xludf.DUMMYFUNCTION("""COMPUTED_VALUE"""),46082.0) -> 46082 | M74: =IFERROR(__xludf.DUMMYFUNCTION("""COMPUTED_VALUE"""),FALSE) -> FALSE | T74: =IFERROR(__xludf.DUMMYFUNCTION("""COMPUTED_VALUE"""),"CÔNG TY TNHH ĐẦU TƯ THƯƠNG MẠI SÀI GÒN NGUYỄN") -> CÔNG TY TNHH ĐẦU TƯ THƯƠNG MẠI SÀI GÒN NGUYỄN | U74: =IFERROR(__xludf.DUMMYFUNCTION("""COMPUTED_VALUE"""),"Sài Gòn Nguyễn") -> Sài Gòn Nguyễn | V74: =IFERROR(__xludf.DUMMYFUNCTION("""COMPUTED_VALUE""")," 30/12/18 Đường 49, Phường Hiệp Bình, Thành phố Hồ Chí Minh, Việt Nam ") -> 30/12/18 Đường 49, Phường Hiệp Bình, Thành phố Hồ Chí Minh, Việt Nam | W74: =IFERROR(__xludf.DUMMYFUNCTION("""COMPUTED_VALUE"""),"0314511301") -> 0314511301
I75: =IFERROR(__xludf.DUMMYFUNCTION("""COMPUTED_VALUE"""),"Túi rời") -> Túi rời | J75: =IFERROR(__xludf.DUMMYFUNCTION("""COMPUTED_VALUE"""),15.0) -> 15 | K75: =IFERROR(__xludf.DUMMYFUNCTION("""COMPUTED_VALUE"""),"Nhãn túi (Tân Đức) <5.000 túi: 12 ngày > 5.000 túi: 15 ngày") -> Nhãn túi (Tân Đức) <5.000 túi: 12 ngày > 5.000 túi: 15 ngày | L75: =IFERROR(__xludf.DUMMYFUNCTION("""COMPUTED_VALUE"""),46023.0) -> 46023 | M75: =IFERROR(__xludf.DUMMYFUNCTION("""COMPUTED_VALUE"""),FALSE) -> FALSE | T75: =IFERROR(__xludf.DUMMYFUNCTION("""COMPUTED_VALUE"""),"CÔNG TY TNHH INTRIE") -> CÔNG TY TNHH INTRIE | U75: =IFERROR(__xludf.DUMMYFUNCTION("""COMPUTED_VALUE"""),"Intrie") -> Intrie | V75: =IFERROR(__xludf.DUMMYFUNCTION("""COMPUTED_VALUE""")," 56/16 Nguyễn Văn Săng, Phường Tân Sơn Nhì, Thành phố Hồ Chí Minh, Việt Nam ") -> 56/16 Nguyễn Văn Săng, Phường Tân Sơn Nhì, Thành phố Hồ Chí Minh, Việt Nam | W75: =IFERROR(__xludf.DUMMYFUNCTION("""COMPUTED_VALUE"""),"0317214025") -> 0317214025
I76: =IFERROR(__xludf.DUMMYFUNCTION("""COMPUTED_VALUE"""),"Túi trục") -> Túi trục | J76: =IFERROR(__xludf.DUMMYFUNCTION("""COMPUTED_VALUE"""),21.0) -> 21 | K76: =IFERROR(__xludf.DUMMYFUNCTION("""COMPUTED_VALUE"""),"Làm trục: 12 - 15 ngày In túi: 3 -5 ngày Cắt: 1-2 ngày") -> Làm trục: 12 - 15 ngày In túi: 3 -5 ngày Cắt: 1-2 ngày | L76: =IFERROR(__xludf.DUMMYFUNCTION("""COMPUTED_VALUE"""),46082.0) -> 46082 | M76: =IFERROR(__xludf.DUMMYFUNCTION("""COMPUTED_VALUE"""),FALSE) -> FALSE | T76: =IFERROR(__xludf.DUMMYFUNCTION("""COMPUTED_VALUE"""),"CÔNG TY TNHH MỘT THÀNH VIÊN TM AN KHÁNH") -> CÔNG TY TNHH MỘT THÀNH VIÊN TM AN KHÁNH | U76: =IFERROR(__xludf.DUMMYFUNCTION("""COMPUTED_VALUE"""),"Kpos") -> Kpos | V76: =IFERROR(__xludf.DUMMYFUNCTION("""COMPUTED_VALUE""")," 623 Tên Lửa, Phường An Lạc, Thành phố Hồ Chí Minh, Việt Nam ") -> 623 Tên Lửa, Phường An Lạc, Thành phố Hồ Chí Minh, Việt Nam | W76: =IFERROR(__xludf.DUMMYFUNCTION("""COMPUTED_VALUE"""),"0316113105") -> 0316113105
I77: =IFERROR(__xludf.DUMMYFUNCTION("""COMPUTED_VALUE"""),"Túi in cuộn (không trục)") -> Túi in cuộn (không trục) | J77: =IFERROR(__xludf.DUMMYFUNCTION("""COMPUTED_VALUE"""),14.0) -> 14 | K77: =IFERROR(__xludf.DUMMYFUNCTION("""COMPUTED_VALUE"""),"Nhãn túi") -> Nhãn túi | L77: =IFERROR(__xludf.DUMMYFUNCTION("""COMPUTED_VALUE"""),46082.0) -> 46082 | M77: =IFERROR(__xludf.DUMMYFUNCTION("""COMPUTED_VALUE"""),FALSE) -> FALSE | T77: =IFERROR(__xludf.DUMMYFUNCTION("""COMPUTED_VALUE"""),"CÔNG TY TNHH WAF BRANDS") -> CÔNG TY TNHH WAF BRANDS | U77: =IFERROR(__xludf.DUMMYFUNCTION("""COMPUTED_VALUE"""),"Hdsd Antisol") -> Hdsd Antisol | V77: =IFERROR(__xludf.DUMMYFUNCTION("""COMPUTED_VALUE""")," 72/1 Nguyễn Trãi, Phường Ninh Kiều, Thành phố Cần Thơ, Việt Nam ") -> 72/1 Nguyễn Trãi, Phường Ninh Kiều, Thành phố Cần Thơ, Việt Nam | W77: =IFERROR(__xludf.DUMMYFUNCTION("""COMPUTED_VALUE""")," 1801773973 ") -> 1801773973
I78: =IFERROR(__xludf.DUMMYFUNCTION("""COMPUTED_VALUE"""),"Túi PE (Túi nilong)") -> Túi PE (Túi nilong) | J78: =IFERROR(__xludf.DUMMYFUNCTION("""COMPUTED_VALUE"""),7.0) -> 7 | L78: =IFERROR(__xludf.DUMMYFUNCTION("""COMPUTED_VALUE"""),46082.0) -> 46082 | M78: =IFERROR(__xludf.DUMMYFUNCTION("""COMPUTED_VALUE"""),TRUE) -> TRUE | T78: =IFERROR(__xludf.DUMMYFUNCTION("""COMPUTED_VALUE"""),"CÔNG TY TNHH IN BAO BÌ TRÍ TÍN") -> CÔNG TY TNHH IN BAO BÌ TRÍ TÍN | U78: =IFERROR(__xludf.DUMMYFUNCTION("""COMPUTED_VALUE"""),"Trí Tín") -> Trí Tín | V78: =IFERROR(__xludf.DUMMYFUNCTION("""COMPUTED_VALUE""")," 168/59A Đường Bình Trị Đông, Phường Bình Trị Đông, Thành phố Hồ Chí Minh, Việt Nam ") -> 168/59A Đường Bình Trị Đông, Phường Bình Trị Đông, Thành phố Hồ Chí Minh, Việt Nam | W78: =IFERROR(__xludf.DUMMYFUNCTION("""COMPUTED_VALUE"""),"0311841439") -> 0311841439
I79: =IFERROR(__xludf.DUMMYFUNCTION("""COMPUTED_VALUE"""),"Túi PE (Túi nilong)") -> Túi PE (Túi nilong) | J79: =IFERROR(__xludf.DUMMYFUNCTION("""COMPUTED_VALUE"""),14.0) -> 14 | L79: =IFERROR(__xludf.DUMMYFUNCTION("""COMPUTED_VALUE"""),46082.0) -> 46082 | M79: =IFERROR(__xludf.DUMMYFUNCTION("""COMPUTED_VALUE"""),FALSE) -> FALSE | T79: =IFERROR(__xludf.DUMMYFUNCTION("""COMPUTED_VALUE"""),"CÔNG TY TNHH SẢN XUẤT BAO BÌ NHỰA SÁNG TÂM") -> CÔNG TY TNHH SẢN XUẤT BAO BÌ NHỰA SÁNG TÂM | U79: =IFERROR(__xludf.DUMMYFUNCTION("""COMPUTED_VALUE"""),"Sáng Tâm") -> Sáng Tâm | V79: =IFERROR(__xludf.DUMMYFUNCTION("""COMPUTED_VALUE""")," 841 Quốc Lộ 1A, Phường Bình Hưng Hòa, Thành phố Hồ Chí Minh, Việt Nam ") -> 841 Quốc Lộ 1A, Phường Bình Hưng Hòa, Thành phố Hồ Chí Minh, Việt Nam | W79: =IFERROR(__xludf.DUMMYFUNCTION("""COMPUTED_VALUE"""),"0317140831") -> 0317140831
I80: =IFERROR(__xludf.DUMMYFUNCTION("""COMPUTED_VALUE"""),"Túi Zip") -> Túi Zip | J80: =IFERROR(__xludf.DUMMYFUNCTION("""COMPUTED_VALUE"""),7.0) -> 7 | L80: =IFERROR(__xludf.DUMMYFUNCTION("""COMPUTED_VALUE"""),46082.0) -> 46082 | M80: =IFERROR(__xludf.DUMMYFUNCTION("""COMPUTED_VALUE"""),TRUE) -> TRUE | T80: =IFERROR(__xludf.DUMMYFUNCTION("""COMPUTED_VALUE"""),"CÔNG TY TRÁCH NHIỆM HỮU HẠN SẢN XUẤT THƯƠNG MẠI THIÊN AN PHÚ") -> CÔNG TY TRÁCH NHIỆM HỮU HẠN SẢN XUẤT THƯƠNG MẠI THIÊN AN PHÚ | U80: =IFERROR(__xludf.DUMMYFUNCTION("""COMPUTED_VALUE"""),"Thiên An Phú") -> Thiên An Phú | V80: =IFERROR(__xludf.DUMMYFUNCTION("""COMPUTED_VALUE""")," 1A140 Vĩnh Lộc, Xã Phạm Văn Hai, Huyện Bình Chánh, Thành phố Hồ Chí Minh, Việt Nam ") -> 1A140 Vĩnh Lộc, Xã Phạm Văn Hai, Huyện Bình Chánh, Thành phố Hồ Chí Minh, Việt Nam | W80: =IFERROR(__xludf.DUMMYFUNCTION("""COMPUTED_VALUE"""),"0314862758") -> 0314862758
I81: =IFERROR(__xludf.DUMMYFUNCTION("""COMPUTED_VALUE"""),"Túi Zip") -> Túi Zip | J81: =IFERROR(__xludf.DUMMYFUNCTION("""COMPUTED_VALUE"""),14.0) -> 14 | L81: =IFERROR(__xludf.DUMMYFUNCTION("""COMPUTED_VALUE"""),46082.0) -> 46082 | M81: =IFERROR(__xludf.DUMMYFUNCTION("""COMPUTED_VALUE"""),FALSE) -> FALSE | T81: =IFERROR(__xludf.DUMMYFUNCTION("""COMPUTED_VALUE"""),"CÔNG TY TNHH MỸ THUẬT ỨNG DỤNG MASTER") -> CÔNG TY TNHH MỸ THUẬT ỨNG DỤNG MASTER | U81: =IFERROR(__xludf.DUMMYFUNCTION("""COMPUTED_VALUE"""),"Oanh Design") -> Oanh Design | V81: =IFERROR(__xludf.DUMMYFUNCTION("""COMPUTED_VALUE"""),"240/32 Nguyễn Văn Luông, Phường Bình Phú, TP Hồ Chí Minh, Việt Nam") -> 240/32 Nguyễn Văn Luông, Phường Bình Phú, TP Hồ Chí Minh, Việt Nam | W81: =IFERROR(__xludf.DUMMYFUNCTION("""COMPUTED_VALUE"""),"0317050521") -> 0317050521
I82: =IFERROR(__xludf.DUMMYFUNCTION("""COMPUTED_VALUE"""),"Túi PA 3 biên") -> Túi PA 3 biên | J82: =IFERROR(__xludf.DUMMYFUNCTION("""COMPUTED_VALUE"""),7.0) -> 7 | L82: =IFERROR(__xludf.DUMMYFUNCTION("""COMPUTED_VALUE"""),46082.0) -> 46082 | M82: =IFERROR(__xludf.DUMMYFUNCTION("""COMPUTED_VALUE"""),TRUE) -> TRUE | T82: =IFERROR(__xludf.DUMMYFUNCTION("""COMPUTED_VALUE"""),"CÔNG TY TNHH XNK HIỆP PHÁT CHEM") -> CÔNG TY TNHH XNK HIỆP PHÁT CHEM | U82: =IFERROR(__xludf.DUMMYFUNCTION("""COMPUTED_VALUE"""),"Hiệp Phát") -> Hiệp Phát | V82: =IFERROR(__xludf.DUMMYFUNCTION("""COMPUTED_VALUE""")," Lô Q17A-18 đường số 11, KCN Hải Sơn mở rộng (GĐ 3+4), Xã Đức Hòa , Tỉnh Tây Ninh, Việt Nam ") -> Lô Q17A-18 đường số 11, KCN Hải Sơn mở rộng (GĐ 3+4), Xã Đức Hòa , Tỉnh Tây Ninh, Việt Nam | W82: =IFERROR(__xludf.DUMMYFUNCTION("""COMPUTED_VALUE"""),"1101925116") -> 1101925116
I83: =IFERROR(__xludf.DUMMYFUNCTION("""COMPUTED_VALUE"""),"Túi PA 3 biên") -> Túi PA 3 biên | J83: =IFERROR(__xludf.DUMMYFUNCTION("""COMPUTED_VALUE"""),14.0) -> 14 | L83: =IFERROR(__xludf.DUMMYFUNCTION("""COMPUTED_VALUE"""),46082.0) -> 46082 | M83: =IFERROR(__xludf.DUMMYFUNCTION("""COMPUTED_VALUE"""),FALSE) -> FALSE | T83: =IFERROR(__xludf.DUMMYFUNCTION("""COMPUTED_VALUE"""),"CÔNG TY TNHH THƯƠNG MẠI VÀ DỊCH VỤ AMG GROUP") -> CÔNG TY TNHH THƯƠNG MẠI VÀ DỊCH VỤ AMG GROUP | U83: =IFERROR(__xludf.DUMMYFUNCTION("""COMPUTED_VALUE"""),"AMG") -> AMG | V83: =IFERROR(__xludf.DUMMYFUNCTION("""COMPUTED_VALUE""")," Số 63 Vũ Ngọc Phan, phường Láng Hạ, quận Đống Đa, Hà Nội ") -> Số 63 Vũ Ngọc Phan, phường Láng Hạ, quận Đống Đa, Hà Nội | W83: =IFERROR(__xludf.DUMMYFUNCTION("""COMPUTED_VALUE"""),"0108764547") -> 0108764547
I84: =IFERROR(__xludf.DUMMYFUNCTION("""COMPUTED_VALUE"""),"Hộp carton 3 lớp") -> Hộp carton 3 lớp | J84: =IFERROR(__xludf.DUMMYFUNCTION("""COMPUTED_VALUE"""),15.0) -> 15 | L84: =IFERROR(__xludf.DUMMYFUNCTION("""COMPUTED_VALUE"""),46082.0) -> 46082 | M84: =IFERROR(__xludf.DUMMYFUNCTION("""COMPUTED_VALUE"""),FALSE) -> FALSE | T84: =IFERROR(__xludf.DUMMYFUNCTION("""COMPUTED_VALUE"""),"CÔNG TY CỔ PHẦN THƯƠNG MẠI XUẤT NHẬP KHẨU VNT") -> CÔNG TY CỔ PHẦN THƯƠNG MẠI XUẤT NHẬP KHẨU VNT | U84: =IFERROR(__xludf.DUMMYFUNCTION("""COMPUTED_VALUE"""),"VNT") -> VNT | V84: =IFERROR(__xludf.DUMMYFUNCTION("""COMPUTED_VALUE""")," Xóm 3, Thôn Hải Bối, Xã Vĩnh Thanh, Thành phố Hà Nội, Việt Nam ") -> Xóm 3, Thôn Hải Bối, Xã Vĩnh Thanh, Thành phố Hà Nội, Việt Nam | W84: =IFERROR(__xludf.DUMMYFUNCTION("""COMPUTED_VALUE"""),"0104188003") -> 0104188003
I85: =IFERROR(__xludf.DUMMYFUNCTION("""COMPUTED_VALUE"""),"Hộp giấy D") -> Hộp giấy D | J85: =IFERROR(__xludf.DUMMYFUNCTION("""COMPUTED_VALUE"""),15.0) -> 15 | L85: =IFERROR(__xludf.DUMMYFUNCTION("""COMPUTED_VALUE"""),46082.0) -> 46082 | M85: =IFERROR(__xludf.DUMMYFUNCTION("""COMPUTED_VALUE"""),FALSE) -> FALSE | T85: =IFERROR(__xludf.DUMMYFUNCTION("""COMPUTED_VALUE"""),"CÔNG TY TNHH SHORT HILLS VIỆT NAM") -> CÔNG TY TNHH SHORT HILLS VIỆT NAM | U85: =IFERROR(__xludf.DUMMYFUNCTION("""COMPUTED_VALUE"""),"Short Hills") -> Short Hills | V85: =IFERROR(__xludf.DUMMYFUNCTION("""COMPUTED_VALUE""")," Tầng 6, Toà nhà Intan, số 97 Nguyễn Văn Trỗi, Phường Phú Nhuận, TP Hồ Chí Minh, Việt Nam ") -> Tầng 6, Toà nhà Intan, số 97 Nguyễn Văn Trỗi, Phường Phú Nhuận, TP Hồ Chí Minh, Việt Nam | W85: =IFERROR(__xludf.DUMMYFUNCTION("""COMPUTED_VALUE"""),"0318537734") -> 0318537734
I86: =IFERROR(__xludf.DUMMYFUNCTION("""COMPUTED_VALUE"""),"Hộp đóng gói nâu") -> Hộp đóng gói nâu | J86: =IFERROR(__xludf.DUMMYFUNCTION("""COMPUTED_VALUE"""),15.0) -> 15 | L86: =IFERROR(__xludf.DUMMYFUNCTION("""COMPUTED_VALUE"""),46082.0) -> 46082 | M86: =IFERROR(__xludf.DUMMYFUNCTION("""COMPUTED_VALUE"""),FALSE) -> FALSE | T86: =IFERROR(__xludf.DUMMYFUNCTION("""COMPUTED_VALUE"""),"CÔNG TY CỔ PHẦN XNK HÓA CHẤT HẢI ĐĂNG") -> CÔNG TY CỔ PHẦN XNK HÓA CHẤT HẢI ĐĂNG | U86: =IFERROR(__xludf.DUMMYFUNCTION("""COMPUTED_VALUE"""),"Hải Đăng") -> Hải Đăng | V86: =IFERROR(__xludf.DUMMYFUNCTION("""COMPUTED_VALUE""")," Tổ 41, Khu 4, Hà Khẩu, Tp Hạ Long, Tỉnh Quảng Ninh ") -> Tổ 41, Khu 4, Hà Khẩu, Tp Hạ Long, Tỉnh Quảng Ninh | W86: =IFERROR(__xludf.DUMMYFUNCTION("""COMPUTED_VALUE"""),"5702087191") -> 5702087191
I87: =IFERROR(__xludf.DUMMYFUNCTION("""COMPUTED_VALUE"""),"Hộp carton 3 lớp") -> Hộp carton 3 lớp | J87: =IFERROR(__xludf.DUMMYFUNCTION("""COMPUTED_VALUE"""),10.0) -> 10 | L87: =IFERROR(__xludf.DUMMYFUNCTION("""COMPUTED_VALUE"""),46082.0) -> 46082 | M87: =IFERROR(__xludf.DUMMYFUNCTION("""COMPUTED_VALUE"""),FALSE) -> FALSE | T87: =IFERROR(__xludf.DUMMYFUNCTION("""COMPUTED_VALUE"""),"CÔNG TY TNHH PHÂN BÓN HÓA CHẤT HÀ LINH") -> CÔNG TY TNHH PHÂN BÓN HÓA CHẤT HÀ LINH | U87: =IFERROR(__xludf.DUMMYFUNCTION("""COMPUTED_VALUE"""),"Hà Linh") -> Hà Linh | V87: =IFERROR(__xludf.DUMMYFUNCTION("""COMPUTED_VALUE""")," Thửa đất số 861, tờ bản đồ số 9, tổ 10, ấp Mỹ Hưng 2, Phường Cái Vồn, Tỉnh Vĩnh Long, Việt Nam ") -> Thửa đất số 861, tờ bản đồ số 9, tổ 10, ấp Mỹ Hưng 2, Phường Cái Vồn, Tỉnh Vĩnh Long, Việt Nam | W87: =IFERROR(__xludf.DUMMYFUNCTION("""COMPUTED_VALUE"""),"1501146107") -> 1501146107
I88: =IFERROR(__xludf.DUMMYFUNCTION("""COMPUTED_VALUE"""),"Hộp giấy D") -> Hộp giấy D | J88: =IFERROR(__xludf.DUMMYFUNCTION("""COMPUTED_VALUE"""),10.0) -> 10 | L88: =IFERROR(__xludf.DUMMYFUNCTION("""COMPUTED_VALUE"""),46082.0) -> 46082 | M88: =IFERROR(__xludf.DUMMYFUNCTION("""COMPUTED_VALUE"""),FALSE) -> FALSE | T88: =IFERROR(__xludf.DUMMYFUNCTION("""COMPUTED_VALUE"""),"CÔNG TY CỔ PHẦN LA HÁN HOÀNG PHÁT") -> CÔNG TY CỔ PHẦN LA HÁN HOÀNG PHÁT | U88: =IFERROR(__xludf.DUMMYFUNCTION("""COMPUTED_VALUE"""),"La Hán Hoàng Phát") -> La Hán Hoàng Phát | V88: =IFERROR(__xludf.DUMMYFUNCTION("""COMPUTED_VALUE""")," Số nhà 83D, Ngõ 165 Dương Quảng Hàm, Phường Quan Hoa, Quận Cầu Giấy, TP Hà Nội ") -> Số nhà 83D, Ngõ 165 Dương Quảng Hàm, Phường Quan Hoa, Quận Cầu Giấy, TP Hà Nội | W88: =IFERROR(__xludf.DUMMYFUNCTION("""COMPUTED_VALUE"""),"0108529582") -> 0108529582
I89: =IFERROR(__xludf.DUMMYFUNCTION("""COMPUTED_VALUE"""),"Hộp đóng gói nâu") -> Hộp đóng gói nâu | J89: =IFERROR(__xludf.DUMMYFUNCTION("""COMPUTED_VALUE"""),10.0) -> 10 | L89: =IFERROR(__xludf.DUMMYFUNCTION("""COMPUTED_VALUE"""),46082.0) -> 46082 | M89: =IFERROR(__xludf.DUMMYFUNCTION("""COMPUTED_VALUE"""),FALSE) -> FALSE | T89: =IFERROR(__xludf.DUMMYFUNCTION("""COMPUTED_VALUE"""),"CÔNG TY TNHH PHÁT THIÊN PHÚ") -> CÔNG TY TNHH PHÁT THIÊN PHÚ | U89: =IFERROR(__xludf.DUMMYFUNCTION("""COMPUTED_VALUE"""),"Phát Thiên Phú") -> Phát Thiên Phú | V89: =IFERROR(__xludf.DUMMYFUNCTION("""COMPUTED_VALUE""")," Số 38-40-42, đường N18, khu Phố Vinh Thạnh, Phường Trấn Biên, Tỉnh Đồng Nai, Việt Nam ") -> Số 38-40-42, đường N18, khu Phố Vinh Thạnh, Phường Trấn Biên, Tỉnh Đồng Nai, Việt Nam | W89: =IFERROR(__xludf.DUMMYFUNCTION("""COMPUTED_VALUE"""),"3600889932") -> 3600889932
I90: =IFERROR(__xludf.DUMMYFUNCTION("""COMPUTED_VALUE"""),"Hộp icare: giấy Ivory") -> Hộp icare: giấy Ivory | J90: =IFERROR(__xludf.DUMMYFUNCTION("""COMPUTED_VALUE"""),10.0) -> 10 | L90: =IFERROR(__xludf.DUMMYFUNCTION("""COMPUTED_VALUE"""),46082.0) -> 46082 | M90: =IFERROR(__xludf.DUMMYFUNCTION("""COMPUTED_VALUE"""),FALSE) -> FALSE | T90: =IFERROR(__xludf.DUMMYFUNCTION("""COMPUTED_VALUE"""),"CÔNG TY CỔ PHẦN ALLEY 70") -> CÔNG TY CỔ PHẦN ALLEY 70 | U90: =IFERROR(__xludf.DUMMYFUNCTION("""COMPUTED_VALUE"""),"Alley 70") -> Alley 70 | V90: =IFERROR(__xludf.DUMMYFUNCTION("""COMPUTED_VALUE""")," 70/17D Đinh Bộ Lĩnh, Phường 26, Quận Bình Thạnh, Thành phố Hồ Chí Minh ") -> 70/17D Đinh Bộ Lĩnh, Phường 26, Quận Bình Thạnh, Thành phố Hồ Chí Minh | W90: =IFERROR(__xludf.DUMMYFUNCTION("""COMPUTED_VALUE"""),"0317962278") -> 0317962278
I91: =IFERROR(__xludf.DUMMYFUNCTION("""COMPUTED_VALUE"""),"Thùng carton 5 lớp") -> Thùng carton 5 lớp | J91: =IFERROR(__xludf.DUMMYFUNCTION("""COMPUTED_VALUE"""),18.0) -> 18 | K91: =IFERROR(__xludf.DUMMYFUNCTION("""COMPUTED_VALUE"""),"Thời gian Sx: 15 ngày Nhận hàng: 2 ngày") -> Thời gian Sx: 15 ngày Nhận hàng: 2 ngày | L91: =IFERROR(__xludf.DUMMYFUNCTION("""COMPUTED_VALUE"""),46082.0) -> 46082 | M91: =IFERROR(__xludf.DUMMYFUNCTION("""COMPUTED_VALUE"""),TRUE) -> TRUE | T91: =IFERROR(__xludf.DUMMYFUNCTION("""COMPUTED_VALUE"""),"CÔNG TY TNHH SX TM QUANG TRUNG") -> CÔNG TY TNHH SX TM QUANG TRUNG | U91: =IFERROR(__xludf.DUMMYFUNCTION("""COMPUTED_VALUE"""),"Quang Trung") -> Quang Trung | V91: =IFERROR(__xludf.DUMMYFUNCTION("""COMPUTED_VALUE""")," Thửa 290 tờ bản đồ số 28, KCN Xuyên Á, Đức Hòa, Long An ") -> Thửa 290 tờ bản đồ số 28, KCN Xuyên Á, Đức Hòa, Long An | W91: =IFERROR(__xludf.DUMMYFUNCTION("""COMPUTED_VALUE"""),"0317065768") -> 0317065768
I92: =IFERROR(__xludf.DUMMYFUNCTION("""COMPUTED_VALUE"""),"Thùng carton 3 lớp") -> Thùng carton 3 lớp | J92: =IFERROR(__xludf.DUMMYFUNCTION("""COMPUTED_VALUE"""),18.0) -> 18 | K92: =IFERROR(__xludf.DUMMYFUNCTION("""COMPUTED_VALUE"""),"Thời gian Sx: 15 ngày Nhận hàng: 2 ngày") -> Thời gian Sx: 15 ngày Nhận hàng: 2 ngày | L92: =IFERROR(__xludf.DUMMYFUNCTION("""COMPUTED_VALUE"""),46082.0) -> 46082 | M92: =IFERROR(__xludf.DUMMYFUNCTION("""COMPUTED_VALUE"""),FALSE) -> FALSE | T92: =IFERROR(__xludf.DUMMYFUNCTION("""COMPUTED_VALUE"""),"CÔNG TY TNHH KỸ THUẬT HOÁ PHẨM AP") -> CÔNG TY TNHH KỸ THUẬT HOÁ PHẨM AP | U92: =IFERROR(__xludf.DUMMYFUNCTION("""COMPUTED_VALUE"""),"AP Techem") -> AP Techem | V92: =IFERROR(__xludf.DUMMYFUNCTION("""COMPUTED_VALUE""")," Tầng 3, Tòa nhà An Phú Plaza, 117-119 Lý Chính Thắng, Phường Xuân Hòa, Thành phố Hồ Chí Minh, Việt Nam ") -> Tầng 3, Tòa nhà An Phú Plaza, 117-119 Lý Chính Thắng, Phường Xuân Hòa, Thành phố Hồ Chí Minh, Việt Nam | W92: =IFERROR(__xludf.DUMMYFUNCTION("""COMPUTED_VALUE"""),"0319161467") -> 0319161467
I93: =IFERROR(__xludf.DUMMYFUNCTION("""COMPUTED_VALUE"""),"Lon HDPE") -> Lon HDPE | J93: =IFERROR(__xludf.DUMMYFUNCTION("""COMPUTED_VALUE"""),7.0) -> 7 | K93: =IFERROR(__xludf.DUMMYFUNCTION("""COMPUTED_VALUE"""),"Hàng cần thanh toán trước: - Làm hồ sơ 1 ngày - Thanh toán 5 ngày - Sản xuất 0 ngày - Nhận hàng 2 ngày") -> Hàng cần thanh toán trước: - Làm hồ sơ 1 ngày - Thanh toán 5 ngày - Sản xuất 0 ngày - Nhận hàng 2 ngày | L93: =IFERROR(__xludf.DUMMYFUNCTION("""COMPUTED_VALUE"""),46174.0) -> 46174 | M93: =IFERROR(__xludf.DUMMYFUNCTION("""COMPUTED_VALUE"""),TRUE) -> TRUE | T93: =IFERROR(__xludf.DUMMYFUNCTION("""COMPUTED_VALUE"""),"CÔNG TY TNHH SX TM BAO BÌ NGỌC MINH") -> CÔNG TY TNHH SX TM BAO BÌ NGỌC MINH | U93: =IFERROR(__xludf.DUMMYFUNCTION("""COMPUTED_VALUE"""),"Ngọc Minh") -> Ngọc Minh | V93: =IFERROR(__xludf.DUMMYFUNCTION("""COMPUTED_VALUE""")," B4 ẤP MỸ HOÀ 4, XUÂN THỚI ĐÔNG, HÓC MÔN, TP.HCM ") -> B4 ẤP MỸ HOÀ 4, XUÂN THỚI ĐÔNG, HÓC MÔN, TP.HCM | W93: =IFERROR(__xludf.DUMMYFUNCTION("""COMPUTED_VALUE"""),"0313635470") -> 0313635470
I94: =IFERROR(__xludf.DUMMYFUNCTION("""COMPUTED_VALUE"""),"Lon HDPE") -> Lon HDPE | J94: =IFERROR(__xludf.DUMMYFUNCTION("""COMPUTED_VALUE"""),15.0) -> 15 | K94: =IFERROR(__xludf.DUMMYFUNCTION("""COMPUTED_VALUE"""),"Hàng cần thanh toán trước: - Làm hồ sơ 1 ngày - Thanh toán 5 ngày - Sản xuất 7 ngày - Nhận hàng 2 ngày") -> Hàng cần thanh toán trước: - Làm hồ sơ 1 ngày - Thanh toán 5 ngày - Sản xuất 7 ngày - Nhận hàng 2 ngày | L94: =IFERROR(__xludf.DUMMYFUNCTION("""COMPUTED_VALUE"""),46174.0) -> 46174 | M94: =IFERROR(__xludf.DUMMYFUNCTION("""COMPUTED_VALUE"""),FALSE) -> FALSE | T94: =IFERROR(__xludf.DUMMYFUNCTION("""COMPUTED_VALUE"""),"CÔNG TY TNHH MỘT THÀNH VIÊN LƯU XUÂN GIANG") -> CÔNG TY TNHH MỘT THÀNH VIÊN LƯU XUÂN GIANG | U94: =IFERROR(__xludf.DUMMYFUNCTION("""COMPUTED_VALUE"""),"Lưu Xuân Giang") -> Lưu Xuân Giang | V94: =IFERROR(__xludf.DUMMYFUNCTION("""COMPUTED_VALUE""")," 56A Phạm Ngũ Lão, Phường Cái Khế, TP. Cần Thơ ") -> 56A Phạm Ngũ Lão, Phường Cái Khế, TP. Cần Thơ | W94: =IFERROR(__xludf.DUMMYFUNCTION("""COMPUTED_VALUE"""),"1800690555") -> 1800690555
I95: =IFERROR(__xludf.DUMMYFUNCTION("""COMPUTED_VALUE"""),"Bao PP") -> Bao PP | J95: =IFERROR(__xludf.DUMMYFUNCTION("""COMPUTED_VALUE"""),7.0) -> 7 | L95: =IFERROR(__xludf.DUMMYFUNCTION("""COMPUTED_VALUE"""),46174.0) -> 46174 | M95: =IFERROR(__xludf.DUMMYFUNCTION("""COMPUTED_VALUE"""),TRUE) -> TRUE | T95: =IFERROR(__xludf.DUMMYFUNCTION("""COMPUTED_VALUE"""),"CÔNG TY CỔ PHẦN IN TỔNG HỢP CẦN THƠ") -> CÔNG TY CỔ PHẦN IN TỔNG HỢP CẦN THƠ | U95: =IFERROR(__xludf.DUMMYFUNCTION("""COMPUTED_VALUE"""),"In Tổng Hợp Cần Thơ") -> In Tổng Hợp Cần Thơ | V95: =IFERROR(__xludf.DUMMYFUNCTION("""COMPUTED_VALUE""")," Số 500 đường 30/4, Phường Tân An, TP. Cần Thơ ") -> Số 500 đường 30/4, Phường Tân An, TP. Cần Thơ | W95: =IFERROR(__xludf.DUMMYFUNCTION("""COMPUTED_VALUE"""),"1800157925") -> 1800157925
I96: =IFERROR(__xludf.DUMMYFUNCTION("""COMPUTED_VALUE"""),"Bao PP") -> Bao PP | J96: =IFERROR(__xludf.DUMMYFUNCTION("""COMPUTED_VALUE"""),15.0) -> 15 | L96: =IFERROR(__xludf.DUMMYFUNCTION("""COMPUTED_VALUE"""),46174.0) -> 46174 | M96: =IFERROR(__xludf.DUMMYFUNCTION("""COMPUTED_VALUE"""),FALSE) -> FALSE | T96: =IFERROR(__xludf.DUMMYFUNCTION("""COMPUTED_VALUE"""),"CÔNG TY TNHH SẢN XUẤT THƯƠNG MẠI G28") -> CÔNG TY TNHH SẢN XUẤT THƯƠNG MẠI G28 | U96: =IFERROR(__xludf.DUMMYFUNCTION("""COMPUTED_VALUE"""),"G28") -> G28 | V96: =IFERROR(__xludf.DUMMYFUNCTION("""COMPUTED_VALUE""")," ô LE5, Đường Số 2, KCN Xuyên Á, Xã Đức Lập, Tỉnh Tây Ninh, Việt Nam XSX: 31/13 Ấp 4, Đường Dương Công Khi, Xã Xuân Thới Sơn, TP. Hồ Chí Minh. ") -> ô LE5, Đường Số 2, KCN Xuyên Á, Xã Đức Lập, Tỉnh Tây Ninh, Việt Nam XSX: 31/13 Ấp 4, Đường Dương Công Khi, Xã Xuân Thới Sơn, TP. Hồ Chí Minh. | W96: =IFERROR(__xludf.DUMMYFUNCTION("""COMPUTED_VALUE"""),"1101926825") -> 1101926825
I97: =IFERROR(__xludf.DUMMYFUNCTION("""COMPUTED_VALUE"""),"Bao PE") -> Bao PE | J97: =IFERROR(__xludf.DUMMYFUNCTION("""COMPUTED_VALUE"""),7.0) -> 7 | L97: =IFERROR(__xludf.DUMMYFUNCTION("""COMPUTED_VALUE"""),46174.0) -> 46174 | M97: =IFERROR(__xludf.DUMMYFUNCTION("""COMPUTED_VALUE"""),TRUE) -> TRUE | T97: =IFERROR(__xludf.DUMMYFUNCTION("""COMPUTED_VALUE"""),"CÔNG TY TNHH SẢN XUẤT BAO BÌ ĐÔNG BẮC") -> CÔNG TY TNHH SẢN XUẤT BAO BÌ ĐÔNG BẮC | U97: =IFERROR(__xludf.DUMMYFUNCTION("""COMPUTED_VALUE"""),"Bao Bì Đông Bắc") -> Bao Bì Đông Bắc | V97: =IFERROR(__xludf.DUMMYFUNCTION("""COMPUTED_VALUE""")," Số 11 Đường 406 Ấp 2, Xã Củ Chi, TP Hồ Chí Minh, Việt Nam ") -> Số 11 Đường 406 Ấp 2, Xã Củ Chi, TP Hồ Chí Minh, Việt Nam | W97: =IFERROR(__xludf.DUMMYFUNCTION("""COMPUTED_VALUE"""),"0318450547") -> 0318450547
I98: =IFERROR(__xludf.DUMMYFUNCTION("""COMPUTED_VALUE"""),"Bao PE") -> Bao PE | J98: =IFERROR(__xludf.DUMMYFUNCTION("""COMPUTED_VALUE"""),15.0) -> 15 | L98: =IFERROR(__xludf.DUMMYFUNCTION("""COMPUTED_VALUE"""),46174.0) -> 46174 | M98: =IFERROR(__xludf.DUMMYFUNCTION("""COMPUTED_VALUE"""),FALSE) -> FALSE | T98: =IFERROR(__xludf.DUMMYFUNCTION("""COMPUTED_VALUE"""),"Công ty TNHH SX & TM Duy Nhật") -> Công ty TNHH SX & TM Duy Nhật | U98: =IFERROR(__xludf.DUMMYFUNCTION("""COMPUTED_VALUE"""),"Bao Bì Duy Nhật") -> Bao Bì Duy Nhật | V98: =IFERROR(__xludf.DUMMYFUNCTION("""COMPUTED_VALUE""")," Lô O, KCN An Nghiệp, Xã An Nghiệp, Tỉnh Vĩnh Long ") -> Lô O, KCN An Nghiệp, Xã An Nghiệp, Tỉnh Vĩnh Long | W98: =IFERROR(__xludf.DUMMYFUNCTION("""COMPUTED_VALUE"""),"2200717750") -> 2200717750
I99: =IFERROR(__xludf.DUMMYFUNCTION("""COMPUTED_VALUE"""),"Phuy") -> Phuy | J99: =IFERROR(__xludf.DUMMYFUNCTION("""COMPUTED_VALUE"""),15.0) -> 15 | L99: =IFERROR(__xludf.DUMMYFUNCTION("""COMPUTED_VALUE"""),46174.0) -> 46174 | M99: =IFERROR(__xludf.DUMMYFUNCTION("""COMPUTED_VALUE"""),FALSE) -> FALSE | T99: =IFERROR(__xludf.DUMMYFUNCTION("""COMPUTED_VALUE"""),"CTY TNHH SX TM DV TH DAO CARTON") -> CTY TNHH SX TM DV TH DAO CARTON | U99: =IFERROR(__xludf.DUMMYFUNCTION("""COMPUTED_VALUE"""),"Dao Carton") -> Dao Carton | V99: =IFERROR(__xludf.DUMMYFUNCTION("""COMPUTED_VALUE""")," Số 83, Đường B13, KDC 91B, Phường Tân An, Thành phố Cần Thơ, Việt Nam ") -> Số 83, Đường B13, KDC 91B, Phường Tân An, Thành phố Cần Thơ, Việt Nam | W99: =IFERROR(__xludf.DUMMYFUNCTION("""COMPUTED_VALUE"""),"1801699046") -> 1801699046
I100: =IFERROR(__xludf.DUMMYFUNCTION("""COMPUTED_VALUE"""),"Màng co nhiệt") -> Màng co nhiệt | J100: =IFERROR(__xludf.DUMMYFUNCTION("""COMPUTED_VALUE"""),20.0) -> 20 | K100: =IFERROR(__xludf.DUMMYFUNCTION("""COMPUTED_VALUE"""),"NCC quá tải chưa tìm được NCC mới giá cạnh tranh") -> NCC quá tải chưa tìm được NCC mới giá cạnh tranh | L100: =IFERROR(__xludf.DUMMYFUNCTION("""COMPUTED_VALUE"""),46082.0) -> 46082 | M100: =IFERROR(__xludf.DUMMYFUNCTION("""COMPUTED_VALUE"""),FALSE) -> FALSE | T100: =IFERROR(__xludf.DUMMYFUNCTION("""COMPUTED_VALUE"""),"CÔNG TY TNHH BAO BÌ GIẤY AN TÍN") -> CÔNG TY TNHH BAO BÌ GIẤY AN TÍN | U100: =IFERROR(__xludf.DUMMYFUNCTION("""COMPUTED_VALUE"""),"Bao Bì Giấy An Tín") -> Bao Bì Giấy An Tín | V100: =IFERROR(__xludf.DUMMYFUNCTION("""COMPUTED_VALUE""")," Số 23 Đường 23, Khu phố 2, Phường Tam Bình, Thành phố Hồ Chí Minh, Việt Nam ") -> Số 23 Đường 23, Khu phố 2, Phường Tam Bình, Thành phố Hồ Chí Minh, Việt Nam | W100: =IFERROR(__xludf.DUMMYFUNCTION("""COMPUTED_VALUE"""),"0315839173") -> 0315839173
...

Sheet 2. DATA NL, VTBB
A1: =IFERROR(__xludf.DUMMYFUNCTION("IMPORTRANGE(""185W47XpkC4eZ2FKSbi1DoXxxlcyxtBBS9e7jlxfUMtE"", ""DATA 3 TỔNG VTBB+NL!$A:$G"")"),"") | B1: =IFERROR(__xludf.DUMMYFUNCTION("""COMPUTED_VALUE"""),"Đã thêm danh mục Icare vào DATA") -> Đã thêm danh mục Icare vào DATA
A2: =IFERROR(__xludf.DUMMYFUNCTION("""COMPUTED_VALUE"""),"STT") -> STT | B2: =IFERROR(__xludf.DUMMYFUNCTION("""COMPUTED_VALUE"""),"Phân Loại") -> Phân Loại | C2: =IFERROR(__xludf.DUMMYFUNCTION("""COMPUTED_VALUE"""),"Mã VTBB/NL") -> Mã VTBB/NL | D2: =IFERROR(__xludf.DUMMYFUNCTION("""COMPUTED_VALUE"""),"Tên VTBB/NL") -> Tên VTBB/NL | E2: =IFERROR(__xludf.DUMMYFUNCTION("""COMPUTED_VALUE"""),"Tên Trên Hóa Đơn VTBB/NL") -> Tên Trên Hóa Đơn VTBB/NL | F2: =IFERROR(__xludf.DUMMYFUNCTION("""COMPUTED_VALUE"""),"Mã HH") -> Mã HH | G2: =IFERROR(__xludf.DUMMYFUNCTION("""COMPUTED_VALUE"""),"Tên Sản phẩm (HH)") -> Tên Sản phẩm (HH)
A3: =IFERROR(__xludf.DUMMYFUNCTION("""COMPUTED_VALUE"""),1.0) -> 1 | B3: =IFERROR(__xludf.DUMMYFUNCTION("""COMPUTED_VALUE"""),"Thùng") -> Thùng | C3: =IFERROR(__xludf.DUMMYFUNCTION("""COMPUTED_VALUE"""),"THI0002") -> THI0002 | D3: =IFERROR(__xludf.DUMMYFUNCTION("""COMPUTED_VALUE"""),"Thùng IDA Chai Pet Vuông 35 450ml-500ml - 44x38.5x19 - Xanh lá") -> Thùng IDA Chai Pet Vuông 35 450ml-500ml - 44x38.5x19 - Xanh lá | F3: =IFERROR(__xludf.DUMMYFUNCTION("""COMPUTED_VALUE"""),"HH0002") -> HH0002
A4: =IFERROR(__xludf.DUMMYFUNCTION("""COMPUTED_VALUE"""),2.0) -> 2 | B4: =IFERROR(__xludf.DUMMYFUNCTION("""COMPUTED_VALUE"""),"Thùng") -> Thùng | C4: =IFERROR(__xludf.DUMMYFUNCTION("""COMPUTED_VALUE"""),"THC0003") -> THC0003 | D4: =IFERROR(__xludf.DUMMYFUNCTION("""COMPUTED_VALUE"""),"Thùng DC Chai Pet Vuông 35 450ml-500ml - (47x38.5x19cm) - Trắng viền đen") -> Thùng DC Chai Pet Vuông 35 450ml-500ml - (47x38.5x19cm) - Trắng viền đen | E4: =IFERROR(__xludf.DUMMYFUNCTION("""COMPUTED_VALUE"""),"NPK Bổ sung Vi lượng Basel NPK 6-6-8 IDA 33") -> NPK Bổ sung Vi lượng Basel NPK 6-6-8 IDA 33 | F4: =IFERROR(__xludf.DUMMYFUNCTION("""COMPUTED_VALUE"""),"HH0003") -> HH0003 | G4: =IFERROR(__xludf.DUMMYFUNCTION("""COMPUTED_VALUE"""),"GC - II- 13.1 - Lớn Trái Thanh Long (Đỏ) - 22 kg - 1 ([btp],n)") -> GC - II- 13.1 - Lớn Trái Thanh Long (Đỏ) - 22 kg - 1 ([btp],n)
A5: =IFERROR(__xludf.DUMMYFUNCTION("""COMPUTED_VALUE"""),3.0) -> 3 | B5: =IFERROR(__xludf.DUMMYFUNCTION("""COMPUTED_VALUE"""),"Thùng") -> Thùng | C5: =IFERROR(__xludf.DUMMYFUNCTION("""COMPUTED_VALUE"""),"THC0004") -> THC0004 | D5: =IFERROR(__xludf.DUMMYFUNCTION("""COMPUTED_VALUE"""),"Thùng DC Chai Pet Tròn 43 450ml-500ml - 61.5x38.5x19 - Trắng") -> Thùng DC Chai Pet Tròn 43 450ml-500ml - 61.5x38.5x19 - Trắng | E5: =IFERROR(__xludf.DUMMYFUNCTION("""COMPUTED_VALUE"""),"Vi lượng AV4") -> Vi lượng AV4 | F5: =IFERROR(__xludf.DUMMYFUNCTION("""COMPUTED_VALUE"""),"HH0004") -> HH0004 | G5: =IFERROR(__xludf.DUMMYFUNCTION("""COMPUTED_VALUE"""),"GC - II - 24 - Aqua Gold ra bông xoài 1kg -25") -> GC - II - 24 - Aqua Gold ra bông xoài 1kg -25
A6: =IFERROR(__xludf.DUMMYFUNCTION("""COMPUTED_VALUE"""),4.0) -> 4 | B6: =IFERROR(__xludf.DUMMYFUNCTION("""COMPUTED_VALUE"""),"Thùng") -> Thùng | C6: =IFERROR(__xludf.DUMMYFUNCTION("""COMPUTED_VALUE"""),"THC0005") -> THC0005 | D6: =IFERROR(__xludf.DUMMYFUNCTION("""COMPUTED_VALUE"""),"Thùng DC Chai Pet Tròn 35 450ml-500ml - (59x37x19.5cm) - Trắng") -> Thùng DC Chai Pet Tròn 35 450ml-500ml - (59x37x19.5cm) - Trắng | E6: =IFERROR(__xludf.DUMMYFUNCTION("""COMPUTED_VALUE"""),"Vi lượng AV-US2") -> Vi lượng AV-US2 | F6: =IFERROR(__xludf.DUMMYFUNCTION("""COMPUTED_VALUE"""),"HH0005") -> HH0005 | G6: =IFERROR(__xludf.DUMMYFUNCTION("""COMPUTED_VALUE"""),"GC - II - 33.1 - Siêu ra hoa xoài - 1kg - 25") -> GC - II - 33.1 - Siêu ra hoa xoài - 1kg - 25
A7: =IFERROR(__xludf.DUMMYFUNCTION("""COMPUTED_VALUE"""),5.0) -> 5 | B7: =IFERROR(__xludf.DUMMYFUNCTION("""COMPUTED_VALUE"""),"Thùng") -> Thùng | C7: =IFERROR(__xludf.DUMMYFUNCTION("""COMPUTED_VALUE"""),"THI0006") -> THI0006 | D7: =IFERROR(__xludf.DUMMYFUNCTION("""COMPUTED_VALUE"""),"Thùng IDA Chai Nhôm Tròn 240ml x 60 chai - 56x34x18.5 - Xanh lá") -> Thùng IDA Chai Nhôm Tròn 240ml x 60 chai - 56x34x18.5 - Xanh lá | E7: =IFERROR(__xludf.DUMMYFUNCTION("""COMPUTED_VALUE"""),"Vi lượng AV4") -> Vi lượng AV4 | F7: =IFERROR(__xludf.DUMMYFUNCTION("""COMPUTED_VALUE"""),"HH0006") -> HH0006 | G7: =IFERROR(__xludf.DUMMYFUNCTION("""COMPUTED_VALUE"""),"GC - II - 64 - Aqua Siêu ra hoa xoài (clr) - 1kg - 25") -> GC - II - 64 - Aqua Siêu ra hoa xoài (clr) - 1kg - 25
A8: =IFERROR(__xludf.DUMMYFUNCTION("""COMPUTED_VALUE"""),6.0) -> 6 | B8: =IFERROR(__xludf.DUMMYFUNCTION("""COMPUTED_VALUE"""),"Thùng") -> Thùng | C8: =IFERROR(__xludf.DUMMYFUNCTION("""COMPUTED_VALUE"""),"THI0007") -> THI0007 | D8: =IFERROR(__xludf.DUMMYFUNCTION("""COMPUTED_VALUE"""),"Thùng IDA Centertaner 12gr x400gói (42x32x26cm) - Xanh lá") -> Thùng IDA Centertaner 12gr x400gói (42x32x26cm) - Xanh lá | E8: =IFERROR(__xludf.DUMMYFUNCTION("""COMPUTED_VALUE"""),"Vi lượng AV4") -> Vi lượng AV4 | F8: =IFERROR(__xludf.DUMMYFUNCTION("""COMPUTED_VALUE"""),"HH0007") -> HH0007 | G8: =IFERROR(__xludf.DUMMYFUNCTION("""COMPUTED_VALUE"""),"GC - III - 75 - Bio Siêu ra hoa cây có múi - 600 gr - 40") -> GC - III - 75 - Bio Siêu ra hoa cây có múi - 600 gr - 40
A9: =IFERROR(__xludf.DUMMYFUNCTION("""COMPUTED_VALUE"""),7.0) -> 7 | B9: =IFERROR(__xludf.DUMMYFUNCTION("""COMPUTED_VALUE"""),"Thùng") -> Thùng | C9: =IFERROR(__xludf.DUMMYFUNCTION("""COMPUTED_VALUE"""),"THI0008") -> THI0008 | D9: =IFERROR(__xludf.DUMMYFUNCTION("""COMPUTED_VALUE"""),"Thùng IDA 16g x 200 gói-HA") -> Thùng IDA 16g x 200 gói-HA | E9: =IFERROR(__xludf.DUMMYFUNCTION("""COMPUTED_VALUE"""),"Vi lượng AV4-BO633") -> Vi lượng AV4-BO633 | F9: =IFERROR(__xludf.DUMMYFUNCTION("""COMPUTED_VALUE"""),"HH0008") -> HH0008 | G9: =IFERROR(__xludf.DUMMYFUNCTION("""COMPUTED_VALUE"""),"GC - II - 95.1 - AGC - Siêu ra hoa cây có múi - 600 gr - 40") -> GC - II - 95.1 - AGC - Siêu ra hoa cây có múi - 600 gr - 40
A10: =IFERROR(__xludf.DUMMYFUNCTION("""COMPUTED_VALUE"""),8.0) -> 8 | B10: =IFERROR(__xludf.DUMMYFUNCTION("""COMPUTED_VALUE"""),"Thùng") -> Thùng | C10: =IFERROR(__xludf.DUMMYFUNCTION("""COMPUTED_VALUE"""),"THI0009") -> THI0009 | D10: =IFERROR(__xludf.DUMMYFUNCTION("""COMPUTED_VALUE"""),"Thùng IDA Chai HDPE tròn cổ 43 500ml - (60x37.5x21cm)- Xanh lá") -> Thùng IDA Chai HDPE tròn cổ 43 500ml - (60x37.5x21cm)- Xanh lá | E10: =IFERROR(__xludf.DUMMYFUNCTION("""COMPUTED_VALUE"""),"NPK Bổ sung Vi lượng Basel NPK 6-6-8 IDA 33") -> NPK Bổ sung Vi lượng Basel NPK 6-6-8 IDA 33 | F10: =IFERROR(__xludf.DUMMYFUNCTION("""COMPUTED_VALUE"""),"HH0009") -> HH0009 | G10: =IFERROR(__xludf.DUMMYFUNCTION("""COMPUTED_VALUE"""),"GC - II - 105.2 - Lớn trái thanh long (Xanh) - 22 kg -1") -> GC - II - 105.2 - Lớn trái thanh long (Xanh) - 22 kg -1
A11: =IFERROR(__xludf.DUMMYFUNCTION("""COMPUTED_VALUE"""),9.0) -> 9 | B11: =IFERROR(__xludf.DUMMYFUNCTION("""COMPUTED_VALUE"""),"Thùng") -> Thùng | C11: =IFERROR(__xludf.DUMMYFUNCTION("""COMPUTED_VALUE"""),"THI0010") -> THI0010 | D11: =IFERROR(__xludf.DUMMYFUNCTION("""COMPUTED_VALUE"""),"Thùng IDA Chai HDPE/PAPE tròn cổ 43 250ml - 49.5x30.5x14.5 - Xanh lá") -> Thùng IDA Chai HDPE/PAPE tròn cổ 43 250ml - 49.5x30.5x14.5 - Xanh lá | E11: =IFERROR(__xludf.DUMMYFUNCTION("""COMPUTED_VALUE"""),"Vi lượng AV6") -> Vi lượng AV6 | F11: =IFERROR(__xludf.DUMMYFUNCTION("""COMPUTED_VALUE"""),"HH0010") -> HH0010 | G11: =IFERROR(__xludf.DUMMYFUNCTION("""COMPUTED_VALUE"""),"GC - 107 - Nutri Nutri Silitop - 60 ml - 300") -> GC - 107 - Nutri Nutri Silitop - 60 ml - 300
A12: =IFERROR(__xludf.DUMMYFUNCTION("""COMPUTED_VALUE"""),10.0) -> 10 | B12: =IFERROR(__xludf.DUMMYFUNCTION("""COMPUTED_VALUE"""),"Thùng") -> Thùng | C12: =IFERROR(__xludf.DUMMYFUNCTION("""COMPUTED_VALUE"""),"THI0011") -> THI0011 | D12: =IFERROR(__xludf.DUMMYFUNCTION("""COMPUTED_VALUE"""),"Thùng IDA Chai HDPE/PAPE tròn cổ 33 100ml - 51x51x11 - Xanh lá") -> Thùng IDA Chai HDPE/PAPE tròn cổ 33 100ml - 51x51x11 - Xanh lá | E12: =IFERROR(__xludf.DUMMYFUNCTION("""COMPUTED_VALUE"""),"AnnongManco 80WP") -> AnnongManco 80WP | F12: =IFERROR(__xludf.DUMMYFUNCTION("""COMPUTED_VALUE"""),"HH0011") -> HH0011 | G12: =IFERROR(__xludf.DUMMYFUNCTION("""COMPUTED_VALUE"""),"GC - I - 207 - Mancozeb Xanh - Xanh Cam - 1kg - 20") -> GC - I - 207 - Mancozeb Xanh - Xanh Cam - 1kg - 20
A13: =IFERROR(__xludf.DUMMYFUNCTION("""COMPUTED_VALUE"""),11.0) -> 11 | B13: =IFERROR(__xludf.DUMMYFUNCTION("""COMPUTED_VALUE"""),"Thùng") -> Thùng | C13: =IFERROR(__xludf.DUMMYFUNCTION("""COMPUTED_VALUE"""),"THA0012") -> THA0012 | D13: =IFERROR(__xludf.DUMMYFUNCTION("""COMPUTED_VALUE"""),"Thùng offset Agri plus (kèm lót)") -> Thùng offset Agri plus (kèm lót) | E13: =IFERROR(__xludf.DUMMYFUNCTION("""COMPUTED_VALUE"""),"Vi lượng IDA49") -> Vi lượng IDA49 | F13: =IFERROR(__xludf.DUMMYFUNCTION("""COMPUTED_VALUE"""),"HH0012") -> HH0012 | G13: =IFERROR(__xludf.DUMMYFUNCTION("""COMPUTED_VALUE"""),"GC - I - 208 - Lân 86 - 1Kg - 20") -> GC - I - 208 - Lân 86 - 1Kg - 20
A14: =IFERROR(__xludf.DUMMYFUNCTION("""COMPUTED_VALUE"""),12.0) -> 12 | B14: =IFERROR(__xludf.DUMMYFUNCTION("""COMPUTED_VALUE"""),"Thùng") -> Thùng | C14: =IFERROR(__xludf.DUMMYFUNCTION("""COMPUTED_VALUE"""),"THI0013") -> THI0013 | D14: =IFERROR(__xludf.DUMMYFUNCTION("""COMPUTED_VALUE"""),"Thùng IDA chai HDPE/PAPE tròn cổ 33 100ml (51x25.5x22) - Xanh lá") -> Thùng IDA chai HDPE/PAPE tròn cổ 33 100ml (51x25.5x22) - Xanh lá | E14: =IFERROR(__xludf.DUMMYFUNCTION("""COMPUTED_VALUE"""),"Acodyl 35WP") -> Acodyl 35WP | F14: =IFERROR(__xludf.DUMMYFUNCTION("""COMPUTED_VALUE"""),"HH0013") -> HH0013 | G14: =IFERROR(__xludf.DUMMYFUNCTION("""COMPUTED_VALUE"""),"IDA Global - I - 221.1 - Metalaxyl (drone) - 100gr - 100") -> IDA Global - I - 221.1 - Metalaxyl (drone) - 100gr - 100
A15: =IFERROR(__xludf.DUMMYFUNCTION("""COMPUTED_VALUE"""),13.0) -> 13 | B15: =IFERROR(__xludf.DUMMYFUNCTION("""COMPUTED_VALUE"""),"Thùng") -> Thùng | C15: =IFERROR(__xludf.DUMMYFUNCTION("""COMPUTED_VALUE"""),"THI0014") -> THI0014 | D15: =IFERROR(__xludf.DUMMYFUNCTION("""COMPUTED_VALUE"""),"Thùng IDA Chai HDPE tròn cổ 42.5 1L x 20 chai - 45x35.5x26.5- Xanh lá") -> Thùng IDA Chai HDPE tròn cổ 42.5 1L x 20 chai - 45x35.5x26.5- Xanh lá | E15: =IFERROR(__xludf.DUMMYFUNCTION("""COMPUTED_VALUE"""),"Oxycin 100WP") -> Oxycin 100WP | F15: =IFERROR(__xludf.DUMMYFUNCTION("""COMPUTED_VALUE"""),"HH0014") -> HH0014 | G15: =IFERROR(__xludf.DUMMYFUNCTION("""COMPUTED_VALUE"""),"IDA Global - I - 222.2 - Siêu Diệt Vi Khuẩn Thái (Mới) - 25gr - 300") -> IDA Global - I - 222.2 - Siêu Diệt Vi Khuẩn Thái (Mới) - 25gr - 300
A16: =IFERROR(__xludf.DUMMYFUNCTION("""COMPUTED_VALUE"""),14.0) -> 14 | B16: =IFERROR(__xludf.DUMMYFUNCTION("""COMPUTED_VALUE"""),"Thùng") -> Thùng | C16: =IFERROR(__xludf.DUMMYFUNCTION("""COMPUTED_VALUE"""),"THC0015") -> THC0015 | D16: =IFERROR(__xludf.DUMMYFUNCTION("""COMPUTED_VALUE"""),"Thùng chung chai HDPE tròn cổ 42.5 1L x 20 chai - 45x35.5x26.5") -> Thùng chung chai HDPE tròn cổ 42.5 1L x 20 chai - 45x35.5x26.5 | E16: =IFERROR(__xludf.DUMMYFUNCTION("""COMPUTED_VALUE"""),"Chitin 3.6EC") -> Chitin 3.6EC | F16: =IFERROR(__xludf.DUMMYFUNCTION("""COMPUTED_VALUE"""),"HH0015") -> HH0015 | G16: =IFERROR(__xludf.DUMMYFUNCTION("""COMPUTED_VALUE"""),"IDA Global - I - 223 - Nhện đỏ - Chai nhôm đỏ - 240ml - 60") -> IDA Global - I - 223 - Nhện đỏ - Chai nhôm đỏ - 240ml - 60
A17: =IFERROR(__xludf.DUMMYFUNCTION("""COMPUTED_VALUE"""),15.0) -> 15 | B17: =IFERROR(__xludf.DUMMYFUNCTION("""COMPUTED_VALUE"""),"Thùng") -> Thùng | C17: =IFERROR(__xludf.DUMMYFUNCTION("""COMPUTED_VALUE"""),"THC0016") -> THC0016 | D17: =IFERROR(__xludf.DUMMYFUNCTION("""COMPUTED_VALUE"""),"Thùng dùng chung chai PET tròn cổ 43 450-500ml x 40 chai (62.5x38.5x20cm) - Nâu") -> Thùng dùng chung chai PET tròn cổ 43 450-500ml x 40 chai (62.5x38.5x20cm) - Nâu | E17: =IFERROR(__xludf.DUMMYFUNCTION("""COMPUTED_VALUE"""),"Chitin 3.6EC") -> Chitin 3.6EC | F17: =IFERROR(__xludf.DUMMYFUNCTION("""COMPUTED_VALUE"""),"HH0016") -> HH0016 | G17: =IFERROR(__xludf.DUMMYFUNCTION("""COMPUTED_VALUE"""),"IDA Global - I - 223.1 - Nhện đỏ - Chai nhôm đỏ - 240ml - 60") -> IDA Global - I - 223.1 - Nhện đỏ - Chai nhôm đỏ - 240ml - 60
A18: =IFERROR(__xludf.DUMMYFUNCTION("""COMPUTED_VALUE"""),16.0) -> 16 | B18: =IFERROR(__xludf.DUMMYFUNCTION("""COMPUTED_VALUE"""),"Thùng") -> Thùng | C18: =IFERROR(__xludf.DUMMYFUNCTION("""COMPUTED_VALUE"""),"THI0017") -> THI0017 | D18: =IFERROR(__xludf.DUMMYFUNCTION("""COMPUTED_VALUE"""),"Thùng IDA 100 (300) gói - 44.5x37.5x21 - Xanh lá") -> Thùng IDA 100 (300) gói - 44.5x37.5x21 - Xanh lá | E18: =IFERROR(__xludf.DUMMYFUNCTION("""COMPUTED_VALUE"""),"Chitin 3.6EC") -> Chitin 3.6EC | F18: =IFERROR(__xludf.DUMMYFUNCTION("""COMPUTED_VALUE"""),"HH0017") -> HH0017 | G18: =IFERROR(__xludf.DUMMYFUNCTION("""COMPUTED_VALUE"""),"IDA Global - I - 223.1 - Nhện đỏ - Chai nhôm đỏ - 240ml - 60") -> IDA Global - I - 223.1 - Nhện đỏ - Chai nhôm đỏ - 240ml - 60
A19: =IFERROR(__xludf.DUMMYFUNCTION("""COMPUTED_VALUE"""),17.0) -> 17 | B19: =IFERROR(__xludf.DUMMYFUNCTION("""COMPUTED_VALUE"""),"Thùng") -> Thùng | C19: =IFERROR(__xludf.DUMMYFUNCTION("""COMPUTED_VALUE"""),"THI0018") -> THI0018 | D19: =IFERROR(__xludf.DUMMYFUNCTION("""COMPUTED_VALUE"""),"Thùng IDA Chai Nhôm Tròn 240ml - 56x34x18.5 -Trắng") -> Thùng IDA Chai Nhôm Tròn 240ml - 56x34x18.5 -Trắng | E19: =IFERROR(__xludf.DUMMYFUNCTION("""COMPUTED_VALUE"""),"Vi lượng IDA 11") -> Vi lượng IDA 11 | F19: =IFERROR(__xludf.DUMMYFUNCTION("""COMPUTED_VALUE"""),"HH0018") -> HH0018 | G19: =IFERROR(__xludf.DUMMYFUNCTION("""COMPUTED_VALUE"""),"GC - I - 249 - SIÊU COC - 1kg - 20") -> GC - I - 249 - SIÊU COC - 1kg - 20
A20: =IFERROR(__xludf.DUMMYFUNCTION("""COMPUTED_VALUE"""),18.0) -> 18 | B20: =IFERROR(__xludf.DUMMYFUNCTION("""COMPUTED_VALUE"""),"Thùng") -> Thùng | C20: =IFERROR(__xludf.DUMMYFUNCTION("""COMPUTED_VALUE"""),"THC0019") -> THC0019 | D20: =IFERROR(__xludf.DUMMYFUNCTION("""COMPUTED_VALUE"""),"Thùng dùng chung Basel chai nhôm 240ml - 56x34x18.5 - Nâu") -> Thùng dùng chung Basel chai nhôm 240ml - 56x34x18.5 - Nâu | E20: =IFERROR(__xludf.DUMMYFUNCTION("""COMPUTED_VALUE"""),"#N/A") -> #N/A | F20: =IFERROR(__xludf.DUMMYFUNCTION("""COMPUTED_VALUE"""),"HH0019") -> HH0019 | G20: =IFERROR(__xludf.DUMMYFUNCTION("""COMPUTED_VALUE"""),"GC - II - 253.1 - Thiện Thành - Nutri Hữu Cơ 999 (nước nâu đen) - 25kg - 1") -> GC - II - 253.1 - Thiện Thành - Nutri Hữu Cơ 999 (nước nâu đen) - 25kg - 1
A21: =IFERROR(__xludf.DUMMYFUNCTION("""COMPUTED_VALUE"""),19.0) -> 19 | B21: =IFERROR(__xludf.DUMMYFUNCTION("""COMPUTED_VALUE"""),"Thùng") -> Thùng | C21: =IFERROR(__xludf.DUMMYFUNCTION("""COMPUTED_VALUE"""),"THC0020") -> THC0020 | D21: =IFERROR(__xludf.DUMMYFUNCTION("""COMPUTED_VALUE"""),"Thùng dùng chung chai PET cổ 43 240ml,250ml x 40 chai (47.5x30x18.5cm) - Nâu") -> Thùng dùng chung chai PET cổ 43 240ml,250ml x 40 chai (47.5x30x18.5cm) - Nâu | E21: =IFERROR(__xludf.DUMMYFUNCTION("""COMPUTED_VALUE"""),"Vi lượng Basel IDA 11") -> Vi lượng Basel IDA 11 | F21: =IFERROR(__xludf.DUMMYFUNCTION("""COMPUTED_VALUE"""),"HH0020") -> HH0020 | G21: =IFERROR(__xludf.DUMMYFUNCTION("""COMPUTED_VALUE"""),"GC - I - 256.1 - CT Tây Nguyên - Rong rêu (chai vuông Pet) - 250ml - 40") -> GC - I - 256.1 - CT Tây Nguyên - Rong rêu (chai vuông Pet) - 250ml - 40
A22: =IFERROR(__xludf.DUMMYFUNCTION("""COMPUTED_VALUE"""),20.0) -> 20 | B22: =IFERROR(__xludf.DUMMYFUNCTION("""COMPUTED_VALUE"""),"Thùng") -> Thùng | C22: =IFERROR(__xludf.DUMMYFUNCTION("""COMPUTED_VALUE"""),"THC0021") -> THC0021 | D22: =IFERROR(__xludf.DUMMYFUNCTION("""COMPUTED_VALUE"""),"Thùng dùng chung Basel 100 (300) gói - Nâu") -> Thùng dùng chung Basel 100 (300) gói - Nâu | E22: =IFERROR(__xludf.DUMMYFUNCTION("""COMPUTED_VALUE"""),"Leafroll 260SC") -> Leafroll 260SC | F22: =IFERROR(__xludf.DUMMYFUNCTION("""COMPUTED_VALUE"""),"HH0021") -> HH0021 | G22: =IFERROR(__xludf.DUMMYFUNCTION("""COMPUTED_VALUE"""),"GC - I - 259 - CTP - Hiệu cuốn lá - 15ml - 400") -> GC - I - 259 - CTP - Hiệu cuốn lá - 15ml - 400
A23: =IFERROR(__xludf.DUMMYFUNCTION("""COMPUTED_VALUE"""),21.0) -> 21 | B23: =IFERROR(__xludf.DUMMYFUNCTION("""COMPUTED_VALUE"""),"Thùng") -> Thùng | C23: =IFERROR(__xludf.DUMMYFUNCTION("""COMPUTED_VALUE"""),"THC0022") -> THC0022 | D23: =IFERROR(__xludf.DUMMYFUNCTION("""COMPUTED_VALUE"""),"Thùng chung chai PET vuông cổ 35 450ml-500ml - 44x38.5x19") -> Thùng chung chai PET vuông cổ 35 450ml-500ml - 44x38.5x19 | E23: =IFERROR(__xludf.DUMMYFUNCTION("""COMPUTED_VALUE"""),"Vi lượng Basel IDA 47") -> Vi lượng Basel IDA 47 | F23: =IFERROR(__xludf.DUMMYFUNCTION("""COMPUTED_VALUE"""),"HH0022") -> HH0022 | G23: =IFERROR(__xludf.DUMMYFUNCTION("""COMPUTED_VALUE"""),"GC - I - 260 - Bohex SC - 450ml - 40") -> GC - I - 260 - Bohex SC - 450ml - 40
A24: =IFERROR(__xludf.DUMMYFUNCTION("""COMPUTED_VALUE"""),22.0) -> 22 | B24: =IFERROR(__xludf.DUMMYFUNCTION("""COMPUTED_VALUE"""),"Thùng") -> Thùng | C24: =IFERROR(__xludf.DUMMYFUNCTION("""COMPUTED_VALUE"""),"THC0023") -> THC0023 | D24: =IFERROR(__xludf.DUMMYFUNCTION("""COMPUTED_VALUE"""),"Thùng Dùng Chung PEST 100g x150gói - Nâu") -> Thùng Dùng Chung PEST 100g x150gói - Nâu | E24: =IFERROR(__xludf.DUMMYFUNCTION("""COMPUTED_VALUE"""),"Tinmy new super 300EC") -> Tinmy new super 300EC | F24: =IFERROR(__xludf.DUMMYFUNCTION("""COMPUTED_VALUE"""),"HH0023") -> HH0023 | G24: =IFERROR(__xludf.DUMMYFUNCTION("""COMPUTED_VALUE"""),"GC - I - 274 - Tinmy (Chai HDPE nhãn giấy) - 250ml - 40") -> GC - I - 274 - Tinmy (Chai HDPE nhãn giấy) - 250ml - 40
A25: =IFERROR(__xludf.DUMMYFUNCTION("""COMPUTED_VALUE"""),23.0) -> 23 | B25: =IFERROR(__xludf.DUMMYFUNCTION("""COMPUTED_VALUE"""),"Thùng") -> Thùng | C25: =IFERROR(__xludf.DUMMYFUNCTION("""COMPUTED_VALUE"""),"THC0024") -> THC0024 | D25: =IFERROR(__xludf.DUMMYFUNCTION("""COMPUTED_VALUE"""),"Thùng dùng chung Đại Tâm") -> Thùng dùng chung Đại Tâm | E25: =IFERROR(__xludf.DUMMYFUNCTION("""COMPUTED_VALUE"""),"Pim.Pim 75WP") -> Pim.Pim 75WP | F25: =IFERROR(__xludf.DUMMYFUNCTION("""COMPUTED_VALUE"""),"HH0024") -> HH0024 | G25: =IFERROR(__xludf.DUMMYFUNCTION("""COMPUTED_VALUE"""),"GC - I - 293 - CTP - Diệt sạch đạo ôn - 100gr - 100") -> GC - I - 293 - CTP - Diệt sạch đạo ôn - 100gr - 100
A26: =IFERROR(__xludf.DUMMYFUNCTION("""COMPUTED_VALUE"""),24.0) -> 24 | B26: =IFERROR(__xludf.DUMMYFUNCTION("""COMPUTED_VALUE"""),"Thùng") -> Thùng | C26: =IFERROR(__xludf.DUMMYFUNCTION("""COMPUTED_VALUE"""),"THC0025") -> THC0025 | D26: =IFERROR(__xludf.DUMMYFUNCTION("""COMPUTED_VALUE"""),"Thùng dùng chung Basel 25g x 200gói - Nâu") -> Thùng dùng chung Basel 25g x 200gói - Nâu | E26: =IFERROR(__xludf.DUMMYFUNCTION("""COMPUTED_VALUE"""),"Prohed 400EC") -> Prohed 400EC | F26: =IFERROR(__xludf.DUMMYFUNCTION("""COMPUTED_VALUE"""),"HH0025") -> HH0025 | G26: =IFERROR(__xludf.DUMMYFUNCTION("""COMPUTED_VALUE"""),"IDA Globa - I - 295.2 - Prohed 400EC (mới)- 240ml - 60 ( [nl] ,c, n, t)") -> IDA Globa - I - 295.2 - Prohed 400EC (mới)- 240ml - 60 ( [nl] ,c, n, t)
A27: =IFERROR(__xludf.DUMMYFUNCTION("""COMPUTED_VALUE"""),25.0) -> 25 | B27: =IFERROR(__xludf.DUMMYFUNCTION("""COMPUTED_VALUE"""),"Thùng") -> Thùng | C27: =IFERROR(__xludf.DUMMYFUNCTION("""COMPUTED_VALUE"""),"THC0026") -> THC0026 | D27: =IFERROR(__xludf.DUMMYFUNCTION("""COMPUTED_VALUE"""),"Thùng dùng chung HL chai HDPE tròn cổ 42.5 1L x 20 chai - 45x35.5x26.5 - Nâu") -> Thùng dùng chung HL chai HDPE tròn cổ 42.5 1L x 20 chai - 45x35.5x26.5 - Nâu | E27: =IFERROR(__xludf.DUMMYFUNCTION("""COMPUTED_VALUE"""),"Vi lượng Basel IDA 46") -> Vi lượng Basel IDA 46 | F27: =IFERROR(__xludf.DUMMYFUNCTION("""COMPUTED_VALUE"""),"HH0026") -> HH0026 | G27: =IFERROR(__xludf.DUMMYFUNCTION("""COMPUTED_VALUE"""),"GC - I - 297.1 - CTP - Pick Super - 250ml - 40") -> GC - I - 297.1 - CTP - Pick Super - 250ml - 40
A28: =IFERROR(__xludf.DUMMYFUNCTION("""COMPUTED_VALUE"""),26.0) -> 26 | B28: =IFERROR(__xludf.DUMMYFUNCTION("""COMPUTED_VALUE"""),"Thùng") -> Thùng | C28: =IFERROR(__xludf.DUMMYFUNCTION("""COMPUTED_VALUE"""),"THC0027") -> THC0027 | D28: =IFERROR(__xludf.DUMMYFUNCTION("""COMPUTED_VALUE"""),"Thùng dùng chung Basel chai HDPE tròn cổ 42.5 1L x 20 chai - 45x35.5x26.5 - Nâu") -> Thùng dùng chung Basel chai HDPE tròn cổ 42.5 1L x 20 chai - 45x35.5x26.5 - Nâu | E28: =IFERROR(__xludf.DUMMYFUNCTION("""COMPUTED_VALUE"""),"Apashuang 95WP") -> Apashuang 95WP | F28: =IFERROR(__xludf.DUMMYFUNCTION("""COMPUTED_VALUE"""),"HH0027") -> HH0027 | G28: =IFERROR(__xludf.DUMMYFUNCTION("""COMPUTED_VALUE"""),"IDA Global - I - 299 - PH - Apashuang (Xanh Tím) - 100gr - 100") -> IDA Global - I - 299 - PH - Apashuang (Xanh Tím) - 100gr - 100
A29: =IFERROR(__xludf.DUMMYFUNCTION("""COMPUTED_VALUE"""),27.0) -> 27 | B29: =IFERROR(__xludf.DUMMYFUNCTION("""COMPUTED_VALUE"""),"Thùng") -> Thùng | C29: =IFERROR(__xludf.DUMMYFUNCTION("""COMPUTED_VALUE"""),"THC0028") -> THC0028 | D29: =IFERROR(__xludf.DUMMYFUNCTION("""COMPUTED_VALUE"""),"Thùng Dùng Chung PEST chai 250 ml x 40 chai - Nâu") -> Thùng Dùng Chung PEST chai 250 ml x 40 chai - Nâu | E29: =IFERROR(__xludf.DUMMYFUNCTION("""COMPUTED_VALUE"""),"Creek 2.1EC") -> Creek 2.1EC | F29: =IFERROR(__xludf.DUMMYFUNCTION("""COMPUTED_VALUE"""),"HH0028") -> HH0028 | G29: =IFERROR(__xludf.DUMMYFUNCTION("""COMPUTED_VALUE"""),"GC - II - 300 - Agriplant - Creek 2.1EC (chai vuông nhãn đỏ) - 450ml - 40") -> GC - II - 300 - Agriplant - Creek 2.1EC (chai vuông nhãn đỏ) - 450ml - 40
A30: =IFERROR(__xludf.DUMMYFUNCTION("""COMPUTED_VALUE"""),28.0) -> 28 | B30: =IFERROR(__xludf.DUMMYFUNCTION("""COMPUTED_VALUE"""),"Thùng") -> Thùng | C30: =IFERROR(__xludf.DUMMYFUNCTION("""COMPUTED_VALUE"""),"THI0029") -> THI0029 | D30: =IFERROR(__xludf.DUMMYFUNCTION("""COMPUTED_VALUE"""),"Thùng IDA 100gr x100 gói Thalonil ( 47.5x41.5x28cm)") -> Thùng IDA 100gr x100 gói Thalonil ( 47.5x41.5x28cm) | E30: =IFERROR(__xludf.DUMMYFUNCTION("""COMPUTED_VALUE"""),"NPK Bổ sung Vi lượng Basel NPK 6-16-3 IDA 15") -> NPK Bổ sung Vi lượng Basel NPK 6-16-3 IDA 15 | F30: =IFERROR(__xludf.DUMMYFUNCTION("""COMPUTED_VALUE"""),"HH0029") -> HH0029 | G30: =IFERROR(__xludf.DUMMYFUNCTION("""COMPUTED_VALUE"""),"GC - I - 301 - Dưỡng chất vô cơ chuyên sầu riêng - 500ml - 40") -> GC - I - 301 - Dưỡng chất vô cơ chuyên sầu riêng - 500ml - 40
A31: =IFERROR(__xludf.DUMMYFUNCTION("""COMPUTED_VALUE"""),29.0) -> 29 | B31: =IFERROR(__xludf.DUMMYFUNCTION("""COMPUTED_VALUE"""),"Thùng") -> Thùng | C31: =IFERROR(__xludf.DUMMYFUNCTION("""COMPUTED_VALUE"""),"THC0030") -> THC0030 | D31: =IFERROR(__xludf.DUMMYFUNCTION("""COMPUTED_VALUE"""),"Thùng dùng chung HL túi nhôm 250gr x 60 gói - nâu") -> Thùng dùng chung HL túi nhôm 250gr x 60 gói - nâu | E31: =IFERROR(__xludf.DUMMYFUNCTION("""COMPUTED_VALUE"""),"Vi lượng Basel IDA 46") -> Vi lượng Basel IDA 46 | F31: =IFERROR(__xludf.DUMMYFUNCTION("""COMPUTED_VALUE"""),"HH0030") -> HH0030 | G31: =IFERROR(__xludf.DUMMYFUNCTION("""COMPUTED_VALUE"""),"GC - I - 302 - Dưỡng cây xanh lá - 500ml - 40") -> GC - I - 302 - Dưỡng cây xanh lá - 500ml - 40
A32: =IFERROR(__xludf.DUMMYFUNCTION("""COMPUTED_VALUE"""),30.0) -> 30 | B32: =IFERROR(__xludf.DUMMYFUNCTION("""COMPUTED_VALUE"""),"Thùng") -> Thùng | C32: =IFERROR(__xludf.DUMMYFUNCTION("""COMPUTED_VALUE"""),"THC0031") -> THC0031 | D32: =IFERROR(__xludf.DUMMYFUNCTION("""COMPUTED_VALUE"""),"Thùng dùng chung HL túi nhôm 500gr x 30 gói - nâu") -> Thùng dùng chung HL túi nhôm 500gr x 30 gói - nâu | E32: =IFERROR(__xludf.DUMMYFUNCTION("""COMPUTED_VALUE"""),"Creek 2.1EC") -> Creek 2.1EC | F32: =IFERROR(__xludf.DUMMYFUNCTION("""COMPUTED_VALUE"""),"HH0031") -> HH0031 | G32: =IFERROR(__xludf.DUMMYFUNCTION("""COMPUTED_VALUE"""),"GC - I - 304 - Thiên Di Creek 2.1EC (chai pet vuông) - 400ml - 40") -> GC - I - 304 - Thiên Di Creek 2.1EC (chai pet vuông) - 400ml - 40
A33: =IFERROR(__xludf.DUMMYFUNCTION("""COMPUTED_VALUE"""),31.0) -> 31 | B33: =IFERROR(__xludf.DUMMYFUNCTION("""COMPUTED_VALUE"""),"Thùng") -> Thùng | C33: =IFERROR(__xludf.DUMMYFUNCTION("""COMPUTED_VALUE"""),"THC0032") -> THC0032 | D33: =IFERROR(__xludf.DUMMYFUNCTION("""COMPUTED_VALUE"""),"Thùng dùng chung AGRI-RC - nâu") -> Thùng dùng chung AGRI-RC - nâu | E33: =IFERROR(__xludf.DUMMYFUNCTION("""COMPUTED_VALUE"""),"Acodyl 35WP") -> Acodyl 35WP | F33: =IFERROR(__xludf.DUMMYFUNCTION("""COMPUTED_VALUE"""),"HH0032") -> HH0032 | G33: =IFERROR(__xludf.DUMMYFUNCTION("""COMPUTED_VALUE"""),"GC - I - 309 - Wettable Powder - 100gr - 100") -> GC - I - 309 - Wettable Powder - 100gr - 100
A34: =IFERROR(__xludf.DUMMYFUNCTION("""COMPUTED_VALUE"""),32.0) -> 32 | B34: =IFERROR(__xludf.DUMMYFUNCTION("""COMPUTED_VALUE"""),"Thùng") -> Thùng | C34: =IFERROR(__xludf.DUMMYFUNCTION("""COMPUTED_VALUE"""),"THC0033") -> THC0033 | D34: =IFERROR(__xludf.DUMMYFUNCTION("""COMPUTED_VALUE"""),"Thùng dùng chung THÁI NÔNG - nâu") -> Thùng dùng chung THÁI NÔNG - nâu | E34: =IFERROR(__xludf.DUMMYFUNCTION("""COMPUTED_VALUE"""),"Creek 2.1EC") -> Creek 2.1EC | F34: =IFERROR(__xludf.DUMMYFUNCTION("""COMPUTED_VALUE"""),"HH0033") -> HH0033 | G34: =IFERROR(__xludf.DUMMYFUNCTION("""COMPUTED_VALUE"""),"LOT IDA Global - I - 312 - Creek 2.1EC (chai pet vuông)- 450ml - 40") -> LOT IDA Global - I - 312 - Creek 2.1EC (chai pet vuông)- 450ml - 40
A35: =IFERROR(__xludf.DUMMYFUNCTION("""COMPUTED_VALUE"""),33.0) -> 33 | B35: =IFERROR(__xludf.DUMMYFUNCTION("""COMPUTED_VALUE"""),"Thùng") -> Thùng | C35: =IFERROR(__xludf.DUMMYFUNCTION("""COMPUTED_VALUE"""),"THC0034") -> THC0034 | D35: =IFERROR(__xludf.DUMMYFUNCTION("""COMPUTED_VALUE"""),"Thùng dùng chung BASEL chai HD 500ml x 40 chai - nâu") -> Thùng dùng chung BASEL chai HD 500ml x 40 chai - nâu | E35: =IFERROR(__xludf.DUMMYFUNCTION("""COMPUTED_VALUE"""),"Pro-tin 480EC") -> Pro-tin 480EC | F35: =IFERROR(__xludf.DUMMYFUNCTION("""COMPUTED_VALUE"""),"HH0034") -> HH0034 | G35: =IFERROR(__xludf.DUMMYFUNCTION("""COMPUTED_VALUE"""),"LOT IDA Global - I - 313.1 - Chlorpyrifos (xanh dương) (PET tròn)- 480ml - 40") -> LOT IDA Global - I - 313.1 - Chlorpyrifos (xanh dương) (PET tròn)- 480ml - 40
A36: =IFERROR(__xludf.DUMMYFUNCTION("""COMPUTED_VALUE"""),34.0) -> 34 | B36: =IFERROR(__xludf.DUMMYFUNCTION("""COMPUTED_VALUE"""),"Thùng") -> Thùng | C36: =IFERROR(__xludf.DUMMYFUNCTION("""COMPUTED_VALUE"""),"THC0035") -> THC0035 | D36: =IFERROR(__xludf.DUMMYFUNCTION("""COMPUTED_VALUE"""),"Thùng DC Basel Chai HD tròn 1L (cổ 39.3 (100gr)- HG03 - nâu") -> Thùng DC Basel Chai HD tròn 1L (cổ 39.3 (100gr)- HG03 - nâu | E36: =IFERROR(__xludf.DUMMYFUNCTION("""COMPUTED_VALUE"""),"Vi lượng Basel IDA 46") -> Vi lượng Basel IDA 46 | F36: =IFERROR(__xludf.DUMMYFUNCTION("""COMPUTED_VALUE"""),"HH0035") -> HH0035 | G36: =IFERROR(__xludf.DUMMYFUNCTION("""COMPUTED_VALUE"""),"GC - II - 320.1 - AU - Diệp Lục Tố (Túi Trục) - 50ml - 200") -> GC - II - 320.1 - AU - Diệp Lục Tố (Túi Trục) - 50ml - 200
A37: =IFERROR(__xludf.DUMMYFUNCTION("""COMPUTED_VALUE"""),35.0) -> 35 | B37: =IFERROR(__xludf.DUMMYFUNCTION("""COMPUTED_VALUE"""),"Thùng") -> Thùng | C37: =IFERROR(__xludf.DUMMYFUNCTION("""COMPUTED_VALUE"""),"THC0036") -> THC0036 | D37: =IFERROR(__xludf.DUMMYFUNCTION("""COMPUTED_VALUE"""),"Thùng DC Basel Chai HDPE tròn cổ 50 500ml (65gr) - HG08 - nâu") -> Thùng DC Basel Chai HDPE tròn cổ 50 500ml (65gr) - HG08 - nâu | E37: =IFERROR(__xludf.DUMMYFUNCTION("""COMPUTED_VALUE"""),"Vi lượng Basel IDA 46") -> Vi lượng Basel IDA 46 | F37: =IFERROR(__xludf.DUMMYFUNCTION("""COMPUTED_VALUE"""),"HH0036") -> HH0036 | G37: =IFERROR(__xludf.DUMMYFUNCTION("""COMPUTED_VALUE"""),"IDA Global - I - 324 - Chito M55 - 500ml - 40") -> IDA Global - I - 324 - Chito M55 - 500ml - 40
A38: =IFERROR(__xludf.DUMMYFUNCTION("""COMPUTED_VALUE"""),36.0) -> 36 | B38: =IFERROR(__xludf.DUMMYFUNCTION("""COMPUTED_VALUE"""),"Thùng") -> Thùng | C38: =IFERROR(__xludf.DUMMYFUNCTION("""COMPUTED_VALUE"""),"THI0037") -> THI0037 | D38: =IFERROR(__xludf.DUMMYFUNCTION("""COMPUTED_VALUE"""),"Thùng IDA 1kg x 25 gói (40 chai) - trắng - 59x38x21") -> Thùng IDA 1kg x 25 gói (40 chai) - trắng - 59x38x21 | E38: =IFERROR(__xludf.DUMMYFUNCTION("""COMPUTED_VALUE"""),"Vi lượng Basel DANA 20") -> Vi lượng Basel DANA 20 | F38: =IFERROR(__xludf.DUMMYFUNCTION("""COMPUTED_VALUE"""),"HH0037") -> HH0037 | G38: =IFERROR(__xludf.DUMMYFUNCTION("""COMPUTED_VALUE"""),"GC - I - 326 - CTP - Viên sủi to hạt Trúng mùa số 1 - 5gr - 1000") -> GC - I - 326 - CTP - Viên sủi to hạt Trúng mùa số 1 - 5gr - 1000
A39: =IFERROR(__xludf.DUMMYFUNCTION("""COMPUTED_VALUE"""),37.0) -> 37 | B39: =IFERROR(__xludf.DUMMYFUNCTION("""COMPUTED_VALUE"""),"Thùng") -> Thùng | C39: =IFERROR(__xludf.DUMMYFUNCTION("""COMPUTED_VALUE"""),"THC0038") -> THC0038 | D39: =IFERROR(__xludf.DUMMYFUNCTION("""COMPUTED_VALUE"""),"Thùng Dùng Chung PEST 100gr x 100 gói - nâu") -> Thùng Dùng Chung PEST 100gr x 100 gói - nâu | E39: =IFERROR(__xludf.DUMMYFUNCTION("""COMPUTED_VALUE"""),"Vi lượng AV-CFC Plus") -> Vi lượng AV-CFC Plus | F39: =IFERROR(__xludf.DUMMYFUNCTION("""COMPUTED_VALUE"""),"HH0038") -> HH0038 | G39: =IFERROR(__xludf.DUMMYFUNCTION("""COMPUTED_VALUE"""),"GC - II - 328 - Agriplant - Bio siêu đậu trái lớn trái xoài (Mới) - 500ml - 40") -> GC - II - 328 - Agriplant - Bio siêu đậu trái lớn trái xoài (Mới) - 500ml - 40
A40: =IFERROR(__xludf.DUMMYFUNCTION("""COMPUTED_VALUE"""),38.0) -> 38 | B40: =IFERROR(__xludf.DUMMYFUNCTION("""COMPUTED_VALUE"""),"Thùng") -> Thùng | C40: =IFERROR(__xludf.DUMMYFUNCTION("""COMPUTED_VALUE"""),"THC0039") -> THC0039 | D40: =IFERROR(__xludf.DUMMYFUNCTION("""COMPUTED_VALUE"""),"Thùng Dùng Chung Âu Việt") -> Thùng Dùng Chung Âu Việt | E40: =IFERROR(__xludf.DUMMYFUNCTION("""COMPUTED_VALUE"""),"NPK Bổ sung Vi lượng Basel NPK 6-16-3 IDA 15") -> NPK Bổ sung Vi lượng Basel NPK 6-16-3 IDA 15 | F40: =IFERROR(__xludf.DUMMYFUNCTION("""COMPUTED_VALUE"""),"HH0039") -> HH0039 | G40: =IFERROR(__xludf.DUMMYFUNCTION("""COMPUTED_VALUE"""),"IDA Global - I - 349 - Ronado (mới)- 50ml - 300") -> IDA Global - I - 349 - Ronado (mới)- 50ml - 300
A41: =IFERROR(__xludf.DUMMYFUNCTION("""COMPUTED_VALUE"""),39.0) -> 39 | B41: =IFERROR(__xludf.DUMMYFUNCTION("""COMPUTED_VALUE"""),"Thùng") -> Thùng | C41: =IFERROR(__xludf.DUMMYFUNCTION("""COMPUTED_VALUE"""),"THC0040") -> THC0040 | D41: =IFERROR(__xludf.DUMMYFUNCTION("""COMPUTED_VALUE"""),"Thùng Dùng Chung An Nông") -> Thùng Dùng Chung An Nông | E41: =IFERROR(__xludf.DUMMYFUNCTION("""COMPUTED_VALUE"""),"NPK Bổ sung Vi lượng Basel NPK 6-16-3 IDA 15") -> NPK Bổ sung Vi lượng Basel NPK 6-16-3 IDA 15 | F41: =IFERROR(__xludf.DUMMYFUNCTION("""COMPUTED_VALUE"""),"HH0040") -> HH0040 | G41: =IFERROR(__xludf.DUMMYFUNCTION("""COMPUTED_VALUE"""),"IDA Global - I - 351 - Ra rễ mập chồi (mới) - 50ml - 300") -> IDA Global - I - 351 - Ra rễ mập chồi (mới) - 50ml - 300
A42: =IFERROR(__xludf.DUMMYFUNCTION("""COMPUTED_VALUE"""),40.0) -> 40 | B42: =IFERROR(__xludf.DUMMYFUNCTION("""COMPUTED_VALUE"""),"Thùng") -> Thùng | C42: =IFERROR(__xludf.DUMMYFUNCTION("""COMPUTED_VALUE"""),"THC0041") -> THC0041 | D42: =IFERROR(__xludf.DUMMYFUNCTION("""COMPUTED_VALUE"""),"Thùng Dùng Chung RC - Nâu") -> Thùng Dùng Chung RC - Nâu | E42: =IFERROR(__xludf.DUMMYFUNCTION("""COMPUTED_VALUE"""),"Leafroll 260SC") -> Leafroll 260SC | F42: =IFERROR(__xludf.DUMMYFUNCTION("""COMPUTED_VALUE"""),"HH0041") -> HH0041 | G42: =IFERROR(__xludf.DUMMYFUNCTION("""COMPUTED_VALUE"""),"LOT IDA Global - I - 354 - Sức mạnh cá mập 260 - 120ml - 100") -> LOT IDA Global - I - 354 - Sức mạnh cá mập 260 - 120ml - 100
A43: =IFERROR(__xludf.DUMMYFUNCTION("""COMPUTED_VALUE"""),41.0) -> 41 | B43: =IFERROR(__xludf.DUMMYFUNCTION("""COMPUTED_VALUE"""),"Thùng") -> Thùng | C43: =IFERROR(__xludf.DUMMYFUNCTION("""COMPUTED_VALUE"""),"THC0042") -> THC0042 | D43: =IFERROR(__xludf.DUMMYFUNCTION("""COMPUTED_VALUE"""),"Thùng DC Thái Nông - 100gr x 100 gói - Nâu") -> Thùng DC Thái Nông - 100gr x 100 gói - Nâu | E43: =IFERROR(__xludf.DUMMYFUNCTION("""COMPUTED_VALUE"""),"Vi lượng AV-CFC (Dạng lỏng)") -> Vi lượng AV-CFC (Dạng lỏng) | F43: =IFERROR(__xludf.DUMMYFUNCTION("""COMPUTED_VALUE"""),"HH0042") -> HH0042 | G43: =IFERROR(__xludf.DUMMYFUNCTION("""COMPUTED_VALUE"""),"GC - II - 355 - AK - T-AK01 - 500ml - 40") -> GC - II - 355 - AK - T-AK01 - 500ml - 40
A44: =IFERROR(__xludf.DUMMYFUNCTION("""COMPUTED_VALUE"""),42.0) -> 42 | B44: =IFERROR(__xludf.DUMMYFUNCTION("""COMPUTED_VALUE"""),"Thùng") -> Thùng | C44: =IFERROR(__xludf.DUMMYFUNCTION("""COMPUTED_VALUE"""),"THC0043") -> THC0043 | D44: =IFERROR(__xludf.DUMMYFUNCTION("""COMPUTED_VALUE"""),"Thùng can 5 lít x 4 can (39*26*31.5cm) - Trắng") -> Thùng can 5 lít x 4 can (39*26*31.5cm) - Trắng | E44: =IFERROR(__xludf.DUMMYFUNCTION("""COMPUTED_VALUE"""),"Vi lượng Basel IDA 49") -> Vi lượng Basel IDA 49 | F44: =IFERROR(__xludf.DUMMYFUNCTION("""COMPUTED_VALUE"""),"HH0043") -> HH0043 | G44: =IFERROR(__xludf.DUMMYFUNCTION("""COMPUTED_VALUE"""),"GC - II - 357 - AK - T-AK02 - 500ml - 40") -> GC - II - 357 - AK - T-AK02 - 500ml - 40
A45: =IFERROR(__xludf.DUMMYFUNCTION("""COMPUTED_VALUE"""),43.0) -> 43 | B45: =IFERROR(__xludf.DUMMYFUNCTION("""COMPUTED_VALUE"""),"Thùng") -> Thùng | C45: =IFERROR(__xludf.DUMMYFUNCTION("""COMPUTED_VALUE"""),"THC0044") -> THC0044 | D45: =IFERROR(__xludf.DUMMYFUNCTION("""COMPUTED_VALUE"""),"Thùng dùng chung BASEL chai PET tròn 500ml x 40 chai - nâu") -> Thùng dùng chung BASEL chai PET tròn 500ml x 40 chai - nâu | E45: =IFERROR(__xludf.DUMMYFUNCTION("""COMPUTED_VALUE"""),"Vi lượng AV-CFC (Dạng rắn)") -> Vi lượng AV-CFC (Dạng rắn) | F45: =IFERROR(__xludf.DUMMYFUNCTION("""COMPUTED_VALUE"""),"HH0044") -> HH0044 | G45: =IFERROR(__xludf.DUMMYFUNCTION("""COMPUTED_VALUE"""),"GC - II - 358 - Hoàng Thảo - HumiK - 1kg - 25") -> GC - II - 358 - Hoàng Thảo - HumiK - 1kg - 25
A46: =IFERROR(__xludf.DUMMYFUNCTION("""COMPUTED_VALUE"""),44.0) -> 44 | B46: =IFERROR(__xludf.DUMMYFUNCTION("""COMPUTED_VALUE"""),"Thùng") -> Thùng | C46: =IFERROR(__xludf.DUMMYFUNCTION("""COMPUTED_VALUE"""),"THC0045") -> THC0045 | D46: =IFERROR(__xludf.DUMMYFUNCTION("""COMPUTED_VALUE"""),"Thùng DC Agri RC - 100ml x 100 chai - Nâu") -> Thùng DC Agri RC - 100ml x 100 chai - Nâu | E46: =IFERROR(__xludf.DUMMYFUNCTION("""COMPUTED_VALUE"""),"Vi lượng Basel DANA 20") -> Vi lượng Basel DANA 20 | F46: =IFERROR(__xludf.DUMMYFUNCTION("""COMPUTED_VALUE"""),"HH0045") -> HH0045 | G46: =IFERROR(__xludf.DUMMYFUNCTION("""COMPUTED_VALUE"""),"GC - I - 359 - AU - Stronger Plus - 500ml - 40") -> GC - I - 359 - AU - Stronger Plus - 500ml - 40
A47: =IFERROR(__xludf.DUMMYFUNCTION("""COMPUTED_VALUE"""),45.0) -> 45 | B47: =IFERROR(__xludf.DUMMYFUNCTION("""COMPUTED_VALUE"""),"Thùng") -> Thùng | C47: =IFERROR(__xludf.DUMMYFUNCTION("""COMPUTED_VALUE"""),"THC0046") -> THC0046 | D47: =IFERROR(__xludf.DUMMYFUNCTION("""COMPUTED_VALUE"""),"Thùng DC Basel 200 gói - nâu") -> Thùng DC Basel 200 gói - nâu | E47: =IFERROR(__xludf.DUMMYFUNCTION("""COMPUTED_VALUE"""),"Vi lượng AV-VINA US-BOKALI") -> Vi lượng AV-VINA US-BOKALI | F47: =IFERROR(__xludf.DUMMYFUNCTION("""COMPUTED_VALUE"""),"HH0046") -> HH0046 | G47: =IFERROR(__xludf.DUMMYFUNCTION("""COMPUTED_VALUE"""),"GC - II -361 - Kali Sữa - 500ml - 40") -> GC - II -361 - Kali Sữa - 500ml - 40
A48: =IFERROR(__xludf.DUMMYFUNCTION("""COMPUTED_VALUE"""),46.0) -> 46 | B48: =IFERROR(__xludf.DUMMYFUNCTION("""COMPUTED_VALUE"""),"Thùng") -> Thùng | C48: =IFERROR(__xludf.DUMMYFUNCTION("""COMPUTED_VALUE"""),"THI0047") -> THI0047 | D48: =IFERROR(__xludf.DUMMYFUNCTION("""COMPUTED_VALUE"""),"Thùng IDA 1kg x 25 gói (40 chai) - xanh lá - 59x38x21") -> Thùng IDA 1kg x 25 gói (40 chai) - xanh lá - 59x38x21 | E48: =IFERROR(__xludf.DUMMYFUNCTION("""COMPUTED_VALUE"""),"Tiger five 6.5EC") -> Tiger five 6.5EC | F48: =IFERROR(__xludf.DUMMYFUNCTION("""COMPUTED_VALUE"""),"HH0047") -> HH0047 | G48: =IFERROR(__xludf.DUMMYFUNCTION("""COMPUTED_VALUE"""),"GC - I - 363 - AU - Diệt sạch sâu - nhện AGC (Chai nhôm đỏ) - 220ml - 40") -> GC - I - 363 - AU - Diệt sạch sâu - nhện AGC (Chai nhôm đỏ) - 220ml - 40
A49: =IFERROR(__xludf.DUMMYFUNCTION("""COMPUTED_VALUE"""),47.0) -> 47 | B49: =IFERROR(__xludf.DUMMYFUNCTION("""COMPUTED_VALUE"""),"Thùng") -> Thùng | C49: =IFERROR(__xludf.DUMMYFUNCTION("""COMPUTED_VALUE"""),"THC0048") -> THC0048 | D49: =IFERROR(__xludf.DUMMYFUNCTION("""COMPUTED_VALUE"""),"Thùng DC RC 100gr x 100 gói - nâu - 46x39x19") -> Thùng DC RC 100gr x 100 gói - nâu - 46x39x19 | E49: =IFERROR(__xludf.DUMMYFUNCTION("""COMPUTED_VALUE"""),"Vi lượng AV-CFC (Dạng rắn)") -> Vi lượng AV-CFC (Dạng rắn) | F49: =IFERROR(__xludf.DUMMYFUNCTION("""COMPUTED_VALUE"""),"HH0048") -> HH0048 | G49: =IFERROR(__xludf.DUMMYFUNCTION("""COMPUTED_VALUE"""),"IDA Global - I - 365.1 - Humi Total (Xanh Dương) - 1kg - 25") -> IDA Global - I - 365.1 - Humi Total (Xanh Dương) - 1kg - 25
A50: =IFERROR(__xludf.DUMMYFUNCTION("""COMPUTED_VALUE"""),48.0) -> 48 | B50: =IFERROR(__xludf.DUMMYFUNCTION("""COMPUTED_VALUE"""),"Thùng") -> Thùng | C50: =IFERROR(__xludf.DUMMYFUNCTION("""COMPUTED_VALUE"""),"THC0049") -> THC0049 | D50: =IFERROR(__xludf.DUMMYFUNCTION("""COMPUTED_VALUE"""),"Thùng (CPT0005) Basel 500ml x 40 chai - nâu") -> Thùng (CPT0005) Basel 500ml x 40 chai - nâu | E50: =IFERROR(__xludf.DUMMYFUNCTION("""COMPUTED_VALUE"""),"Vi lượng Basel DANA 20") -> Vi lượng Basel DANA 20 | F50: =IFERROR(__xludf.DUMMYFUNCTION("""COMPUTED_VALUE"""),"HH0049") -> HH0049 | G50: =IFERROR(__xludf.DUMMYFUNCTION("""COMPUTED_VALUE"""),"GC - I - 367 - AU - BOZINC - 500ml - 40") -> GC - I - 367 - AU - BOZINC - 500ml - 40
A51: =IFERROR(__xludf.DUMMYFUNCTION("""COMPUTED_VALUE"""),49.0) -> 49 | B51: =IFERROR(__xludf.DUMMYFUNCTION("""COMPUTED_VALUE"""),"Thùng") -> Thùng | C51: =IFERROR(__xludf.DUMMYFUNCTION("""COMPUTED_VALUE"""),"THC0050") -> THC0050 | D51: =IFERROR(__xludf.DUMMYFUNCTION("""COMPUTED_VALUE"""),"Thùng dùng chung HL - 100gr x 100gói (47.5x41.5x28cm) - Trắng") -> Thùng dùng chung HL - 100gr x 100gói (47.5x41.5x28cm) - Trắng | E51: =IFERROR(__xludf.DUMMYFUNCTION("""COMPUTED_VALUE"""),"Vi lượng Basel DANA 20") -> Vi lượng Basel DANA 20 | F51: =IFERROR(__xludf.DUMMYFUNCTION("""COMPUTED_VALUE"""),"HH0050") -> HH0050 | G51: =IFERROR(__xludf.DUMMYFUNCTION("""COMPUTED_VALUE"""),"GC - I - 368 - AU - Root Plus - 1lít - 20") -> GC - I - 368 - AU - Root Plus - 1lít - 20
A52: =IFERROR(__xludf.DUMMYFUNCTION("""COMPUTED_VALUE"""),50.0) -> 50 | B52: =IFERROR(__xludf.DUMMYFUNCTION("""COMPUTED_VALUE"""),"Hộp") -> Hộp | C52: =IFERROR(__xludf.DUMMYFUNCTION("""COMPUTED_VALUE"""),"HOP0002") -> HOP0002 | D52: =IFERROR(__xludf.DUMMYFUNCTION("""COMPUTED_VALUE"""),"Hộp DC Mầm Vàng - PIMPIM 75WP 100 (75) gói") -> Hộp DC Mầm Vàng - PIMPIM 75WP 100 (75) gói | E52: =IFERROR(__xludf.DUMMYFUNCTION("""COMPUTED_VALUE"""),"Vi lượng AV-CFC Plus") -> Vi lượng AV-CFC Plus | F52: =IFERROR(__xludf.DUMMYFUNCTION("""COMPUTED_VALUE"""),"HH0002") -> HH0002 | G52: =IFERROR(__xludf.DUMMYFUNCTION("""COMPUTED_VALUE"""),"GC - II - 374 - Dinh dưỡng 7in1 - 50ml - 200") -> GC - II - 374 - Dinh dưỡng 7in1 - 50ml - 200
A53: =IFERROR(__xludf.DUMMYFUNCTION("""COMPUTED_VALUE"""),51.0) -> 51 | B53: =IFERROR(__xludf.DUMMYFUNCTION("""COMPUTED_VALUE"""),"Thùng") -> Thùng | C53: =IFERROR(__xludf.DUMMYFUNCTION("""COMPUTED_VALUE"""),"THI0051") -> THI0051 | D53: =IFERROR(__xludf.DUMMYFUNCTION("""COMPUTED_VALUE"""),"Thùng IDA Chai HDPE/PAPE 200,240,250ml - 51x32x15 - Xanh lá") -> Thùng IDA Chai HDPE/PAPE 200,240,250ml - 51x32x15 - Xanh lá | E53: =IFERROR(__xludf.DUMMYFUNCTION("""COMPUTED_VALUE"""),"Vi lượng AV2-963BOZIN") -> Vi lượng AV2-963BOZIN | F53: =IFERROR(__xludf.DUMMYFUNCTION("""COMPUTED_VALUE"""),"HH0051") -> HH0051 | G53: =IFERROR(__xludf.DUMMYFUNCTION("""COMPUTED_VALUE"""),"GC - IV - 376 - Agriplant - Ra hoa xoài - 1kg - 25") -> GC - IV - 376 - Agriplant - Ra hoa xoài - 1kg - 25
A54: =IFERROR(__xludf.DUMMYFUNCTION("""COMPUTED_VALUE"""),52.0) -> 52 | B54: =IFERROR(__xludf.DUMMYFUNCTION("""COMPUTED_VALUE"""),"Thùng") -> Thùng | C54: =IFERROR(__xludf.DUMMYFUNCTION("""COMPUTED_VALUE"""),"THC0052") -> THC0052 | D54: =IFERROR(__xludf.DUMMYFUNCTION("""COMPUTED_VALUE"""),"Thùng dùng chung Mầm Vàng 400 - 600 & 800 gói") -> Thùng dùng chung Mầm Vàng 400 - 600 & 800 gói | E54: =IFERROR(__xludf.DUMMYFUNCTION("""COMPUTED_VALUE"""),"Leafroll 260SC") -> Leafroll 260SC | F54: =IFERROR(__xludf.DUMMYFUNCTION("""COMPUTED_VALUE"""),"HH0052") -> HH0052 | G54: =IFERROR(__xludf.DUMMYFUNCTION("""COMPUTED_VALUE"""),"IDA Global - I - 388 - YUMY Leafroll 260SC - 120ml - 100") -> IDA Global - I - 388 - YUMY Leafroll 260SC - 120ml - 100
A55: =IFERROR(__xludf.DUMMYFUNCTION("""COMPUTED_VALUE"""),53.0) -> 53 | B55: =IFERROR(__xludf.DUMMYFUNCTION("""COMPUTED_VALUE"""),"Thùng") -> Thùng | C55: =IFERROR(__xludf.DUMMYFUNCTION("""COMPUTED_VALUE"""),"THI0053") -> THI0053 | D55: =IFERROR(__xludf.DUMMYFUNCTION("""COMPUTED_VALUE"""),"Thùng IDA Chai Pet Cường Phát 450, 500ml x40 chai (49x31x23) - Xanh Lá") -> Thùng IDA Chai Pet Cường Phát 450, 500ml x40 chai (49x31x23) - Xanh Lá | E55: =IFERROR(__xludf.DUMMYFUNCTION("""COMPUTED_VALUE"""),"Vi lượng AV-CFC (Dạng rắn)") -> Vi lượng AV-CFC (Dạng rắn) | F55: =IFERROR(__xludf.DUMMYFUNCTION("""COMPUTED_VALUE"""),"HH0053") -> HH0053 | G55: =IFERROR(__xludf.DUMMYFUNCTION("""COMPUTED_VALUE"""),"IDA Global - I - 390.1 - Humi Total (nhãn viền cam) - 1kg - 25") -> IDA Global - I - 390.1 - Humi Total (nhãn viền cam) - 1kg - 25
A56: =IFERROR(__xludf.DUMMYFUNCTION("""COMPUTED_VALUE"""),54.0) -> 54 | B56: =IFERROR(__xludf.DUMMYFUNCTION("""COMPUTED_VALUE"""),"Thùng") -> Thùng | C56: =IFERROR(__xludf.DUMMYFUNCTION("""COMPUTED_VALUE"""),"THC0054") -> THC0054 | D56: =IFERROR(__xludf.DUMMYFUNCTION("""COMPUTED_VALUE"""),"Thùng dùng chung Huy Phát 40 chai, 120 gói, 300 gói (44x38.5x19) - Trắng") -> Thùng dùng chung Huy Phát 40 chai, 120 gói, 300 gói (44x38.5x19) - Trắng | E56: =IFERROR(__xludf.DUMMYFUNCTION("""COMPUTED_VALUE"""),"Mekongvil 5SC") -> Mekongvil 5SC | F56: =IFERROR(__xludf.DUMMYFUNCTION("""COMPUTED_VALUE"""),"HH0054") -> HH0054 | G56: =IFERROR(__xludf.DUMMYFUNCTION("""COMPUTED_VALUE"""),"GC - II - 391 - SH Mekongvil 5SC - 1 lít - 20") -> GC - II - 391 - SH Mekongvil 5SC - 1 lít - 20
A57: =IFERROR(__xludf.DUMMYFUNCTION("""COMPUTED_VALUE"""),55.0) -> 55 | B57: =IFERROR(__xludf.DUMMYFUNCTION("""COMPUTED_VALUE"""),"Thùng") -> Thùng | C57: =IFERROR(__xludf.DUMMYFUNCTION("""COMPUTED_VALUE"""),"THC0055") -> THC0055 | D57: =IFERROR(__xludf.DUMMYFUNCTION("""COMPUTED_VALUE"""),"Thùng DC Centertaner nhỏ 12,5gr x 250 gói (46.5x17x15) - Trắng") -> Thùng DC Centertaner nhỏ 12,5gr x 250 gói (46.5x17x15) - Trắng | E57: =IFERROR(__xludf.DUMMYFUNCTION("""COMPUTED_VALUE"""),"Pim.Pim 75WP") -> Pim.Pim 75WP | F57: =IFERROR(__xludf.DUMMYFUNCTION("""COMPUTED_VALUE"""),"HH0055") -> HH0055 | G57: =IFERROR(__xludf.DUMMYFUNCTION("""COMPUTED_VALUE"""),"GC - II - 392 - SH Pim.Pim 75WP - 100gr - 100") -> GC - II - 392 - SH Pim.Pim 75WP - 100gr - 100
A58: =IFERROR(__xludf.DUMMYFUNCTION("""COMPUTED_VALUE"""),56.0) -> 56 | B58: =IFERROR(__xludf.DUMMYFUNCTION("""COMPUTED_VALUE"""),"Thùng") -> Thùng | C58: =IFERROR(__xludf.DUMMYFUNCTION("""COMPUTED_VALUE"""),"THC0056") -> THC0056 | D58: =IFERROR(__xludf.DUMMYFUNCTION("""COMPUTED_VALUE"""),"Thùng DC Centertaner lớn 12,5gr x 500 gói (48.5x36.5x16.5) - Trắng") -> Thùng DC Centertaner lớn 12,5gr x 500 gói (48.5x36.5x16.5) - Trắng | E58: =IFERROR(__xludf.DUMMYFUNCTION("""COMPUTED_VALUE"""),"Vi lượng Basel DANA 20") -> Vi lượng Basel DANA 20 | F58: =IFERROR(__xludf.DUMMYFUNCTION("""COMPUTED_VALUE"""),"HH0056") -> HH0056 | G58: =IFERROR(__xludf.DUMMYFUNCTION("""COMPUTED_VALUE"""),"GC - II - 394 - SH Siêu vô gạo - 65gr - 300") -> GC - II - 394 - SH Siêu vô gạo - 65gr - 300
A59: =IFERROR(__xludf.DUMMYFUNCTION("""COMPUTED_VALUE"""),57.0) -> 57 | B59: =IFERROR(__xludf.DUMMYFUNCTION("""COMPUTED_VALUE"""),"Thùng") -> Thùng | C59: =IFERROR(__xludf.DUMMYFUNCTION("""COMPUTED_VALUE"""),"THI0057") -> THI0057 | D59: =IFERROR(__xludf.DUMMYFUNCTION("""COMPUTED_VALUE"""),"Thùng IDA Centertaner 50gr x100gói (48.5x36.5x16.5) - Xanh lá") -> Thùng IDA Centertaner 50gr x100gói (48.5x36.5x16.5) - Xanh lá | E59: =IFERROR(__xludf.DUMMYFUNCTION("""COMPUTED_VALUE"""),"Vi lượng Basel DANA 20") -> Vi lượng Basel DANA 20 | F59: =IFERROR(__xludf.DUMMYFUNCTION("""COMPUTED_VALUE"""),"HH0057") -> HH0057 | G59: =IFERROR(__xludf.DUMMYFUNCTION("""COMPUTED_VALUE"""),"GC - II - 396 - SH Rice+ - 65gr - 300") -> GC - II - 396 - SH Rice+ - 65gr - 300
A60: =IFERROR(__xludf.DUMMYFUNCTION("""COMPUTED_VALUE"""),58.0) -> 58 | B60: =IFERROR(__xludf.DUMMYFUNCTION("""COMPUTED_VALUE"""),"Thùng") -> Thùng | C60: =IFERROR(__xludf.DUMMYFUNCTION("""COMPUTED_VALUE"""),"THC0058") -> THC0058 | D60: =IFERROR(__xludf.DUMMYFUNCTION("""COMPUTED_VALUE"""),"Thùng DC Chai Pet Vuông cổ 28 100ml x 100 chai - (36.7x25.7x24) - Trắng") -> Thùng DC Chai Pet Vuông cổ 28 100ml x 100 chai - (36.7x25.7x24) - Trắng | E60: =IFERROR(__xludf.DUMMYFUNCTION("""COMPUTED_VALUE"""),"Vi lượng Basel DANA 20") -> Vi lượng Basel DANA 20 | F60: =IFERROR(__xludf.DUMMYFUNCTION("""COMPUTED_VALUE"""),"HH0058") -> HH0058 | G60: =IFERROR(__xludf.DUMMYFUNCTION("""COMPUTED_VALUE"""),"GC - II - 397 - SH ROOT+ - 60ml - 300") -> GC - II - 397 - SH ROOT+ - 60ml - 300
A61: =IFERROR(__xludf.DUMMYFUNCTION("""COMPUTED_VALUE"""),59.0) -> 59 | B61: =IFERROR(__xludf.DUMMYFUNCTION("""COMPUTED_VALUE"""),"Thùng") -> Thùng | C61: =IFERROR(__xludf.DUMMYFUNCTION("""COMPUTED_VALUE"""),"THC0059") -> THC0059 | D61: =IFERROR(__xludf.DUMMYFUNCTION("""COMPUTED_VALUE"""),"Thùng carton can 5L - 4 can/thùng (50.5x26.5x35) - Nâu") -> Thùng carton can 5L - 4 can/thùng (50.5x26.5x35) - Nâu | E61: =IFERROR(__xludf.DUMMYFUNCTION("""COMPUTED_VALUE"""),"Oxycin 100WP") -> Oxycin 100WP | F61: =IFERROR(__xludf.DUMMYFUNCTION("""COMPUTED_VALUE"""),"HH0059") -> HH0059 | G61: =IFERROR(__xludf.DUMMYFUNCTION("""COMPUTED_VALUE"""),"GC - II - 398 - Luta Siêu diệt vi khuẩn - 25gr - 300") -> GC - II - 398 - Luta Siêu diệt vi khuẩn - 25gr - 300
A62: =IFERROR(__xludf.DUMMYFUNCTION("""COMPUTED_VALUE"""),60.0) -> 60 | B62: =IFERROR(__xludf.DUMMYFUNCTION("""COMPUTED_VALUE"""),"Thùng") -> Thùng | C62: =IFERROR(__xludf.DUMMYFUNCTION("""COMPUTED_VALUE"""),"THC0060") -> THC0060 | D62: =IFERROR(__xludf.DUMMYFUNCTION("""COMPUTED_VALUE"""),"Thùng dùng chung ABA Chai 250 ml x 40 chai (53x33x14,5) - Nâu") -> Thùng dùng chung ABA Chai 250 ml x 40 chai (53x33x14,5) - Nâu | E62: =IFERROR(__xludf.DUMMYFUNCTION("""COMPUTED_VALUE"""),"Vi lượng Basel IDA 50") -> Vi lượng Basel IDA 50 | F62: =IFERROR(__xludf.DUMMYFUNCTION("""COMPUTED_VALUE"""),"HH0060") -> HH0060 | G62: =IFERROR(__xludf.DUMMYFUNCTION("""COMPUTED_VALUE"""),"IDA Global - I - 401.1 - Chito - M55 (drone) - 500ml - 40") -> IDA Global - I - 401.1 - Chito - M55 (drone) - 500ml - 40
A63: =IFERROR(__xludf.DUMMYFUNCTION("""COMPUTED_VALUE"""),61.0) -> 61 | B63: =IFERROR(__xludf.DUMMYFUNCTION("""COMPUTED_VALUE"""),"Thùng") -> Thùng | C63: =IFERROR(__xludf.DUMMYFUNCTION("""COMPUTED_VALUE"""),"THC0061") -> THC0061 | D63: =IFERROR(__xludf.DUMMYFUNCTION("""COMPUTED_VALUE"""),"Thùng dùng chung ABA Chai 450 ml x 30 chai (45.5x38x21cm) - Trắng") -> Thùng dùng chung ABA Chai 450 ml x 30 chai (45.5x38x21cm) - Trắng | E63: =IFERROR(__xludf.DUMMYFUNCTION("""COMPUTED_VALUE"""),"Vi lượng Basel IDA 50") -> Vi lượng Basel IDA 50 | F63: =IFERROR(__xludf.DUMMYFUNCTION("""COMPUTED_VALUE"""),"HH0061") -> HH0061 | G63: =IFERROR(__xludf.DUMMYFUNCTION("""COMPUTED_VALUE"""),"IDA Global - I - 401.2 - Chito - M55 (drone) (mới)- 500ml - 40") -> IDA Global - I - 401.2 - Chito - M55 (drone) (mới)- 500ml - 40
A64: =IFERROR(__xludf.DUMMYFUNCTION("""COMPUTED_VALUE"""),62.0) -> 62 | B64: =IFERROR(__xludf.DUMMYFUNCTION("""COMPUTED_VALUE"""),"Thùng") -> Thùng | C64: =IFERROR(__xludf.DUMMYFUNCTION("""COMPUTED_VALUE"""),"THC0062") -> THC0062 | D64: =IFERROR(__xludf.DUMMYFUNCTION("""COMPUTED_VALUE"""),"Thùng dùng chung BASEL chai PET tròn 500ml x 30 chai - Nâu") -> Thùng dùng chung BASEL chai PET tròn 500ml x 30 chai - Nâu | E64: =IFERROR(__xludf.DUMMYFUNCTION("""COMPUTED_VALUE"""),"Vi lượng AV-CFC Plus") -> Vi lượng AV-CFC Plus | F64: =IFERROR(__xludf.DUMMYFUNCTION("""COMPUTED_VALUE"""),"HH0062") -> HH0062 | G64: =IFERROR(__xludf.DUMMYFUNCTION("""COMPUTED_VALUE"""),"GC - II - 407 - Agriplant - Bio Dưỡng Cây - Mập Chồi - 50ml - 200") -> GC - II - 407 - Agriplant - Bio Dưỡng Cây - Mập Chồi - 50ml - 200
A65: =IFERROR(__xludf.DUMMYFUNCTION("""COMPUTED_VALUE"""),63.0) -> 63 | B65: =IFERROR(__xludf.DUMMYFUNCTION("""COMPUTED_VALUE"""),"Thùng") -> Thùng | C65: =IFERROR(__xludf.DUMMYFUNCTION("""COMPUTED_VALUE"""),"THC0063") -> THC0063 | D65: =IFERROR(__xludf.DUMMYFUNCTION("""COMPUTED_VALUE"""),"Thùng dùng chung Kim Ngọc 10gr x 600 gói (56x31.5x47) - Trắng") -> Thùng dùng chung Kim Ngọc 10gr x 600 gói (56x31.5x47) - Trắng | E65: =IFERROR(__xludf.DUMMYFUNCTION("""COMPUTED_VALUE"""),"Vi lượng Basel IDA 11") -> Vi lượng Basel IDA 11 | F65: =IFERROR(__xludf.DUMMYFUNCTION("""COMPUTED_VALUE"""),"HH0063") -> HH0063 | G65: =IFERROR(__xludf.DUMMYFUNCTION("""COMPUTED_VALUE"""),"GC - II - 408 - PH - Dr. Phoenix (clr) - 50gr - 300") -> GC - II - 408 - PH - Dr. Phoenix (clr) - 50gr - 300
A66: =IFERROR(__xludf.DUMMYFUNCTION("""COMPUTED_VALUE"""),64.0) -> 64 | B66: =IFERROR(__xludf.DUMMYFUNCTION("""COMPUTED_VALUE"""),"Thùng") -> Thùng | C66: =IFERROR(__xludf.DUMMYFUNCTION("""COMPUTED_VALUE"""),"THC0064") -> THC0064 | D66: =IFERROR(__xludf.DUMMYFUNCTION("""COMPUTED_VALUE"""),"Thùng dùng chung Kim Ngọc 10gr x 1000 gói (68x31.5x47) - Trắng") -> Thùng dùng chung Kim Ngọc 10gr x 1000 gói (68x31.5x47) - Trắng | E66: =IFERROR(__xludf.DUMMYFUNCTION("""COMPUTED_VALUE"""),"Vi lượng AV-CFC Plus") -> Vi lượng AV-CFC Plus | F66: =IFERROR(__xludf.DUMMYFUNCTION("""COMPUTED_VALUE"""),"HH0064") -> HH0064 | G66: =IFERROR(__xludf.DUMMYFUNCTION("""COMPUTED_VALUE"""),"GC - I - 410 - AU - Aqua Dưỡng Chất Hữu Cơ (Chuyên Ớt, Dưa Hấu)- 50ml - 200") -> GC - I - 410 - AU - Aqua Dưỡng Chất Hữu Cơ (Chuyên Ớt, Dưa Hấu)- 50ml - 200
A67: =IFERROR(__xludf.DUMMYFUNCTION("""COMPUTED_VALUE"""),65.0) -> 65 | B67: =IFERROR(__xludf.DUMMYFUNCTION("""COMPUTED_VALUE"""),"Thùng") -> Thùng | C67: =IFERROR(__xludf.DUMMYFUNCTION("""COMPUTED_VALUE"""),"THC0065") -> THC0065 | D67: =IFERROR(__xludf.DUMMYFUNCTION("""COMPUTED_VALUE"""),"Thùng PICOSUPER 280SC 250ml x 40chai (49.5x30.5x15) - Xanh lá") -> Thùng PICOSUPER 280SC 250ml x 40chai (49.5x30.5x15) - Xanh lá | E67: =IFERROR(__xludf.DUMMYFUNCTION("""COMPUTED_VALUE"""),"Vi lượng Basel IDA 47") -> Vi lượng Basel IDA 47 | F67: =IFERROR(__xludf.DUMMYFUNCTION("""COMPUTED_VALUE"""),"HH0065") -> HH0065 | G67: =IFERROR(__xludf.DUMMYFUNCTION("""COMPUTED_VALUE"""),"IDA GLOBAL - I - 416 - Flower Top (drone) - 50ml - 300") -> IDA GLOBAL - I - 416 - Flower Top (drone) - 50ml - 300
A68: =IFERROR(__xludf.DUMMYFUNCTION("""COMPUTED_VALUE"""),66.0) -> 66 | B68: =IFERROR(__xludf.DUMMYFUNCTION("""COMPUTED_VALUE"""),"Thùng") -> Thùng | C68: =IFERROR(__xludf.DUMMYFUNCTION("""COMPUTED_VALUE"""),"THC0066") -> THC0066 | D68: =IFERROR(__xludf.DUMMYFUNCTION("""COMPUTED_VALUE"""),"Thùng dùng chung Âu Việt 1kg x25 gói (64 x36.5 x23) - Vàng") -> Thùng dùng chung Âu Việt 1kg x25 gói (64 x36.5 x23) - Vàng | E68: =IFERROR(__xludf.DUMMYFUNCTION("""COMPUTED_VALUE"""),"Vi lượng Basel IDA 47") -> Vi lượng Basel IDA 47 | F68: =IFERROR(__xludf.DUMMYFUNCTION("""COMPUTED_VALUE"""),"HH0066") -> HH0066 | G68: =IFERROR(__xludf.DUMMYFUNCTION("""COMPUTED_VALUE"""),"IDA Global - I - 417.1 - Flower Top Chuyên Lúa Và Rau Màu (drone) (Chai CP) - 450ml - 40") -> IDA Global - I - 417.1 - Flower Top Chuyên Lúa Và Rau Màu (drone) (Chai CP) - 450ml - 40
A69: =IFERROR(__xludf.DUMMYFUNCTION("""COMPUTED_VALUE"""),67.0) -> 67 | B69: =IFERROR(__xludf.DUMMYFUNCTION("""COMPUTED_VALUE"""),"Thùng") -> Thùng | C69: =IFERROR(__xludf.DUMMYFUNCTION("""COMPUTED_VALUE"""),"THI0067") -> THI0067 | D69: =IFERROR(__xludf.DUMMYFUNCTION("""COMPUTED_VALUE"""),"Thùng IDA Winner - Flower Top (300 gói có hộp) (52.5x50.5x18.5) - Xanh lá") -> Thùng IDA Winner - Flower Top (300 gói có hộp) (52.5x50.5x18.5) - Xanh lá | E69: =IFERROR(__xludf.DUMMYFUNCTION("""COMPUTED_VALUE"""),"Vi lượng Basel IDA 47") -> Vi lượng Basel IDA 47 | F69: =IFERROR(__xludf.DUMMYFUNCTION("""COMPUTED_VALUE"""),"HH0067") -> HH0067 | G69: =IFERROR(__xludf.DUMMYFUNCTION("""COMPUTED_VALUE"""),"IDA Global - I - 417.2 - Flower Top Chuyên Lúa Và Rau Màu (drone) (Chai CP) - 450ml - 40") -> IDA Global - I - 417.2 - Flower Top Chuyên Lúa Và Rau Màu (drone) (Chai CP) - 450ml - 40
A70: =IFERROR(__xludf.DUMMYFUNCTION("""COMPUTED_VALUE"""),68.0) -> 68 | B70: =IFERROR(__xludf.DUMMYFUNCTION("""COMPUTED_VALUE"""),"Thùng") -> Thùng | C70: =IFERROR(__xludf.DUMMYFUNCTION("""COMPUTED_VALUE"""),"THC0068") -> THC0068 | D70: =IFERROR(__xludf.DUMMYFUNCTION("""COMPUTED_VALUE"""),"Thùng DC Chai Pet Vuông 1 Lít x 20 chai - (40x36.5x23cm) - Trắng") -> Thùng DC Chai Pet Vuông 1 Lít x 20 chai - (40x36.5x23cm) - Trắng | E70: =IFERROR(__xludf.DUMMYFUNCTION("""COMPUTED_VALUE"""),"Vi lượng Basel IDA 47") -> Vi lượng Basel IDA 47 | F70: =IFERROR(__xludf.DUMMYFUNCTION("""COMPUTED_VALUE"""),"HH0068") -> HH0068 | G70: =IFERROR(__xludf.DUMMYFUNCTION("""COMPUTED_VALUE"""),"IDA Global - I - 417.2 - Flower Top Chuyên Lúa Và Rau Màu (drone) (Chai CP) - 450ml - 40") -> IDA Global - I - 417.2 - Flower Top Chuyên Lúa Và Rau Màu (drone) (Chai CP) - 450ml - 40
A71: =IFERROR(__xludf.DUMMYFUNCTION("""COMPUTED_VALUE"""),69.0) -> 69 | B71: =IFERROR(__xludf.DUMMYFUNCTION("""COMPUTED_VALUE"""),"Thùng") -> Thùng | C71: =IFERROR(__xludf.DUMMYFUNCTION("""COMPUTED_VALUE"""),"THC0069") -> THC0069 | D71: =IFERROR(__xludf.DUMMYFUNCTION("""COMPUTED_VALUE"""),"Thùng dùng chung AgriA") -> Thùng dùng chung AgriA | E71: =IFERROR(__xludf.DUMMYFUNCTION("""COMPUTED_VALUE"""),"Vi lượng Basel IDA 47") -> Vi lượng Basel IDA 47 | F71: =IFERROR(__xludf.DUMMYFUNCTION("""COMPUTED_VALUE"""),"HH0069") -> HH0069 | G71: =IFERROR(__xludf.DUMMYFUNCTION("""COMPUTED_VALUE"""),"IDA Global - I - 418.1 - Flower Top Chuyên cây ăn trái (drone) (Chai CP) - 450ml - 40") -> IDA Global - I - 418.1 - Flower Top Chuyên cây ăn trái (drone) (Chai CP) - 450ml - 40
A72: =IFERROR(__xludf.DUMMYFUNCTION("""COMPUTED_VALUE"""),70.0) -> 70 | B72: =IFERROR(__xludf.DUMMYFUNCTION("""COMPUTED_VALUE"""),"Thùng") -> Thùng | C72: =IFERROR(__xludf.DUMMYFUNCTION("""COMPUTED_VALUE"""),"THI0070") -> THI0070 | D72: =IFERROR(__xludf.DUMMYFUNCTION("""COMPUTED_VALUE"""),"Thùng IDA 30ml x 400 gói - (49.5x 43x 18.5) - Xanh lá") -> Thùng IDA 30ml x 400 gói - (49.5x 43x 18.5) - Xanh lá | E72: =IFERROR(__xludf.DUMMYFUNCTION("""COMPUTED_VALUE"""),"NPK Bổ sung Vi lượng Basel NPK 6-6-8 IDA 33") -> NPK Bổ sung Vi lượng Basel NPK 6-6-8 IDA 33 | F72: =IFERROR(__xludf.DUMMYFUNCTION("""COMPUTED_VALUE"""),"HH0070") -> HH0070 | G72: =IFERROR(__xludf.DUMMYFUNCTION("""COMPUTED_VALUE"""),"IDA Global - I - 419.1 - Ronado (drone) (mới)- 450ml - 40") -> IDA Global - I - 419.1 - Ronado (drone) (mới)- 450ml - 40
A73: =IFERROR(__xludf.DUMMYFUNCTION("""COMPUTED_VALUE"""),71.0) -> 71 | B73: =IFERROR(__xludf.DUMMYFUNCTION("""COMPUTED_VALUE"""),"Hộp") -> Hộp | C73: =IFERROR(__xludf.DUMMYFUNCTION("""COMPUTED_VALUE"""),"HOP1289") -> HOP1289 | D73: =IFERROR(__xludf.DUMMYFUNCTION("""COMPUTED_VALUE"""),"Hộp World Green - Newfuze 200SC - SAU KHANG 20ml 1289 - 10 (9.5x6x14.5cm)") -> Hộp World Green - Newfuze 200SC - SAU KHANG 20ml 1289 - 10 (9.5x6x14.5cm) | E73: =IFERROR(__xludf.DUMMYFUNCTION("""COMPUTED_VALUE"""),"NPK Bổ sung Vi lượng Basel NPK 6-6-8 IDA 33") -> NPK Bổ sung Vi lượng Basel NPK 6-6-8 IDA 33 | F73: =IFERROR(__xludf.DUMMYFUNCTION("""COMPUTED_VALUE"""),"HH1289") -> HH1289 | G73: =IFERROR(__xludf.DUMMYFUNCTION("""COMPUTED_VALUE"""),"IDA Global - I - 420 - Ronado (drone) - 50ml - 300") -> IDA Global - I - 420 - Ronado (drone) - 50ml - 300
A74: =IFERROR(__xludf.DUMMYFUNCTION("""COMPUTED_VALUE"""),72.0) -> 72 | B74: =IFERROR(__xludf.DUMMYFUNCTION("""COMPUTED_VALUE"""),"Hộp") -> Hộp | C74: =IFERROR(__xludf.DUMMYFUNCTION("""COMPUTED_VALUE"""),"HOP1290") -> HOP1290 | D74: =IFERROR(__xludf.DUMMYFUNCTION("""COMPUTED_VALUE"""),"Hộp World Green - Newfuze 200SC - SAU TO 15ml 1290 - 10 (9.5x6x14.5cm)") -> Hộp World Green - Newfuze 200SC - SAU TO 15ml 1290 - 10 (9.5x6x14.5cm) | E74: =IFERROR(__xludf.DUMMYFUNCTION("""COMPUTED_VALUE"""),"Vi lượng Basel IDA 49") -> Vi lượng Basel IDA 49 | F74: =IFERROR(__xludf.DUMMYFUNCTION("""COMPUTED_VALUE"""),"HH1290") -> HH1290 | G74: =IFERROR(__xludf.DUMMYFUNCTION("""COMPUTED_VALUE"""),"IDA Global - I - 421 - Tree Top (drone) - 450ml - 40") -> IDA Global - I - 421 - Tree Top (drone) - 450ml - 40
A75: =IFERROR(__xludf.DUMMYFUNCTION("""COMPUTED_VALUE"""),73.0) -> 73 | B75: =IFERROR(__xludf.DUMMYFUNCTION("""COMPUTED_VALUE"""),"Thùng") -> Thùng | C75: =IFERROR(__xludf.DUMMYFUNCTION("""COMPUTED_VALUE"""),"THC0071") -> THC0071 | D75: =IFERROR(__xludf.DUMMYFUNCTION("""COMPUTED_VALUE"""),"Thùng dùng chung Newfuze 200SC 15ml, 20ml x 300 gói (32x30x31cm) - Trắng") -> Thùng dùng chung Newfuze 200SC 15ml, 20ml x 300 gói (32x30x31cm) - Trắng | E75: =IFERROR(__xludf.DUMMYFUNCTION("""COMPUTED_VALUE"""),"Hỗn hợp NPK BASEL NPK 7-5-44 IDA 45") -> Hỗn hợp NPK BASEL NPK 7-5-44 IDA 45 | F75: =IFERROR(__xludf.DUMMYFUNCTION("""COMPUTED_VALUE"""),"HH0071") -> HH0071 | G75: =IFERROR(__xludf.DUMMYFUNCTION("""COMPUTED_VALUE"""),"IDA Global - I - 422 - Winner (drone) - 50gr - 300") -> IDA Global - I - 422 - Winner (drone) - 50gr - 300
A76: =IFERROR(__xludf.DUMMYFUNCTION("""COMPUTED_VALUE"""),74.0) -> 74 | B76: =IFERROR(__xludf.DUMMYFUNCTION("""COMPUTED_VALUE"""),"Thùng") -> Thùng | C76: =IFERROR(__xludf.DUMMYFUNCTION("""COMPUTED_VALUE"""),"THC0072") -> THC0072 | D76: =IFERROR(__xludf.DUMMYFUNCTION("""COMPUTED_VALUE"""),"Thùng Sen Hồng chai 500ml x 40 chai (61.5x38.5x19cm) - Trắng viền xanh lá") -> Thùng Sen Hồng chai 500ml x 40 chai (61.5x38.5x19cm) - Trắng viền xanh lá | E76: =IFERROR(__xludf.DUMMYFUNCTION("""COMPUTED_VALUE"""),"Hỗn hợp NPK BASEL NPK 7-5-44 IDA 45") -> Hỗn hợp NPK BASEL NPK 7-5-44 IDA 45 | F76: =IFERROR(__xludf.DUMMYFUNCTION("""COMPUTED_VALUE"""),"HH0072") -> HH0072 | G76: =IFERROR(__xludf.DUMMYFUNCTION("""COMPUTED_VALUE"""),"IDA Global - I - 422 - Winner (drone) - 50gr - 300") -> IDA Global - I - 422 - Winner (drone) - 50gr - 300
A77: =IFERROR(__xludf.DUMMYFUNCTION("""COMPUTED_VALUE"""),75.0) -> 75 | B77: =IFERROR(__xludf.DUMMYFUNCTION("""COMPUTED_VALUE"""),"Thùng") -> Thùng | C77: =IFERROR(__xludf.DUMMYFUNCTION("""COMPUTED_VALUE"""),"THC0073") -> THC0073 | D77: =IFERROR(__xludf.DUMMYFUNCTION("""COMPUTED_VALUE"""),"Thùng Sen Hồng chai 1 Lít x 20 chai (45x35.5x26.5cm) - Trắng viền xanh lá") -> Thùng Sen Hồng chai 1 Lít x 20 chai (45x35.5x26.5cm) - Trắng viền xanh lá | E77: =IFERROR(__xludf.DUMMYFUNCTION("""COMPUTED_VALUE"""),"Chitin 3.6EC") -> Chitin 3.6EC | F77: =IFERROR(__xludf.DUMMYFUNCTION("""COMPUTED_VALUE"""),"HH0073") -> HH0073 | G77: =IFERROR(__xludf.DUMMYFUNCTION("""COMPUTED_VALUE"""),"GC - II - 423 - A.M Sức Mạnh Diệt Nhện (Chai nhôm trắng) - 240ml - 60") -> GC - II - 423 - A.M Sức Mạnh Diệt Nhện (Chai nhôm trắng) - 240ml - 60
A78: =IFERROR(__xludf.DUMMYFUNCTION("""COMPUTED_VALUE"""),76.0) -> 76 | B78: =IFERROR(__xludf.DUMMYFUNCTION("""COMPUTED_VALUE"""),"Thùng") -> Thùng | C78: =IFERROR(__xludf.DUMMYFUNCTION("""COMPUTED_VALUE"""),"THC0074") -> THC0074 | D78: =IFERROR(__xludf.DUMMYFUNCTION("""COMPUTED_VALUE"""),"Thùng Sen Hồng gói 25gr - 65gr x 300 gói (52.5x50.5x18.5cm) - Trắng viền xanh lá") -> Thùng Sen Hồng gói 25gr - 65gr x 300 gói (52.5x50.5x18.5cm) - Trắng viền xanh lá | E78: =IFERROR(__xludf.DUMMYFUNCTION("""COMPUTED_VALUE"""),"Chitin 3.6EC") -> Chitin 3.6EC | F78: =IFERROR(__xludf.DUMMYFUNCTION("""COMPUTED_VALUE"""),"HH0074") -> HH0074 | G78: =IFERROR(__xludf.DUMMYFUNCTION("""COMPUTED_VALUE"""),"GC - II - 424 - Agriplant - Vua Diệt Nhện (PET TRON)- 240ml - 40") -> GC - II - 424 - Agriplant - Vua Diệt Nhện (PET TRON)- 240ml - 40
A79: =IFERROR(__xludf.DUMMYFUNCTION("""COMPUTED_VALUE"""),77.0) -> 77 | B79: =IFERROR(__xludf.DUMMYFUNCTION("""COMPUTED_VALUE"""),"Hộp") -> Hộp | C79: =IFERROR(__xludf.DUMMYFUNCTION("""COMPUTED_VALUE"""),"HOP1166") -> HOP1166 | D79: =IFERROR(__xludf.DUMMYFUNCTION("""COMPUTED_VALUE"""),"Hộp Sen Hồng gói 25gr - 65gr x 20 gói (16x10x16cm) - Trắng") -> Hộp Sen Hồng gói 25gr - 65gr x 20 gói (16x10x16cm) - Trắng | E79: =IFERROR(__xludf.DUMMYFUNCTION("""COMPUTED_VALUE"""),"Oxycin 100WP") -> Oxycin 100WP | F79: =IFERROR(__xludf.DUMMYFUNCTION("""COMPUTED_VALUE"""),"HH1166") -> HH1166 | G79: =IFERROR(__xludf.DUMMYFUNCTION("""COMPUTED_VALUE"""),"GC - II - 429 - Agriplant - Sức Mạnh Siêu Diệt Khuẩn - 25gr - 300") -> GC - II - 429 - Agriplant - Sức Mạnh Siêu Diệt Khuẩn - 25gr - 300
A80: =IFERROR(__xludf.DUMMYFUNCTION("""COMPUTED_VALUE"""),78.0) -> 78 | B80: =IFERROR(__xludf.DUMMYFUNCTION("""COMPUTED_VALUE"""),"Thùng") -> Thùng | C80: =IFERROR(__xludf.DUMMYFUNCTION("""COMPUTED_VALUE"""),"THC0075") -> THC0075 | D80: =IFERROR(__xludf.DUMMYFUNCTION("""COMPUTED_VALUE"""),"Thùng Sen Hồng 1kg x 20 gói (50x35x28.5) - Trắng viền xanh lá") -> Thùng Sen Hồng 1kg x 20 gói (50x35x28.5) - Trắng viền xanh lá | E80: =IFERROR(__xludf.DUMMYFUNCTION("""COMPUTED_VALUE"""),"Oxycin 100WP") -> Oxycin 100WP | F80: =IFERROR(__xludf.DUMMYFUNCTION("""COMPUTED_VALUE"""),"HH0075") -> HH0075 | G80: =IFERROR(__xludf.DUMMYFUNCTION("""COMPUTED_VALUE"""),"GC - II - 430 - PH - Diệt Sạch Khuẩn (Túi ghép giấy) 100 (clr) - 25gr - 200") -> GC - II - 430 - PH - Diệt Sạch Khuẩn (Túi ghép giấy) 100 (clr) - 25gr - 200
A81: =IFERROR(__xludf.DUMMYFUNCTION("""COMPUTED_VALUE"""),79.0) -> 79 | B81: =IFERROR(__xludf.DUMMYFUNCTION("""COMPUTED_VALUE"""),"Thùng") -> Thùng | C81: =IFERROR(__xludf.DUMMYFUNCTION("""COMPUTED_VALUE"""),"THC0076") -> THC0076 | D81: =IFERROR(__xludf.DUMMYFUNCTION("""COMPUTED_VALUE"""),"Thùng Sen Hồng 100g x100 gói (46x39x21cm) - Trắng viền xanh lá") -> Thùng Sen Hồng 100g x100 gói (46x39x21cm) - Trắng viền xanh lá | E81: =IFERROR(__xludf.DUMMYFUNCTION("""COMPUTED_VALUE"""),"Vi lượng AV-CFC Plus") -> Vi lượng AV-CFC Plus | F81: =IFERROR(__xludf.DUMMYFUNCTION("""COMPUTED_VALUE"""),"HH0076") -> HH0076 | G81: =IFERROR(__xludf.DUMMYFUNCTION("""COMPUTED_VALUE"""),"GC - I - 432 - AU - Dưỡng Chất Hữu Cơ (túi nhôm) - 50ml - 200") -> GC - I - 432 - AU - Dưỡng Chất Hữu Cơ (túi nhôm) - 50ml - 200
A82: =IFERROR(__xludf.DUMMYFUNCTION("""COMPUTED_VALUE"""),80.0) -> 80 | B82: =IFERROR(__xludf.DUMMYFUNCTION("""COMPUTED_VALUE"""),"Thùng") -> Thùng | C82: =IFERROR(__xludf.DUMMYFUNCTION("""COMPUTED_VALUE"""),"THC0077") -> THC0077 | D82: =IFERROR(__xludf.DUMMYFUNCTION("""COMPUTED_VALUE"""),"Thùng dùng chung ABA chai 100ml, 120ml x 50chai (54x28x12cm) - Trắng trơn") -> Thùng dùng chung ABA chai 100ml, 120ml x 50chai (54x28x12cm) - Trắng trơn | E82: =IFERROR(__xludf.DUMMYFUNCTION("""COMPUTED_VALUE"""),"Vi lượng AV4-BO633") -> Vi lượng AV4-BO633 | F82: =IFERROR(__xludf.DUMMYFUNCTION("""COMPUTED_VALUE"""),"HH0077") -> HH0077 | G82: =IFERROR(__xludf.DUMMYFUNCTION("""COMPUTED_VALUE"""),"GC - II - 433 - Agriplant - Bio Siêu Ra Hoa Xoài - 1kg - 25") -> GC - II - 433 - Agriplant - Bio Siêu Ra Hoa Xoài - 1kg - 25
A83: =IFERROR(__xludf.DUMMYFUNCTION("""COMPUTED_VALUE"""),81.0) -> 81 | B83: =IFERROR(__xludf.DUMMYFUNCTION("""COMPUTED_VALUE"""),"Thùng") -> Thùng | C83: =IFERROR(__xludf.DUMMYFUNCTION("""COMPUTED_VALUE"""),"THC0078") -> THC0078 | D83: =IFERROR(__xludf.DUMMYFUNCTION("""COMPUTED_VALUE"""),"Thùng dùng chung ABA chai tròn 1 lít x 20 chai (20 gói/ thùng) - (45.5x35.5x27cm) - Trắng") -> Thùng dùng chung ABA chai tròn 1 lít x 20 chai (20 gói/ thùng) - (45.5x35.5x27cm) - Trắng | E83: =IFERROR(__xludf.DUMMYFUNCTION("""COMPUTED_VALUE"""),"Vi lượng AV4-BO633") -> Vi lượng AV4-BO633 | F83: =IFERROR(__xludf.DUMMYFUNCTION("""COMPUTED_VALUE"""),"HH0078") -> HH0078 | G83: =IFERROR(__xludf.DUMMYFUNCTION("""COMPUTED_VALUE"""),"GC - II - 434 - Ariplant - Siêu ra hoa sầu riêng (mới) - 250 gr- 100") -> GC - II - 434 - Ariplant - Siêu ra hoa sầu riêng (mới) - 250 gr- 100
A84: =IFERROR(__xludf.DUMMYFUNCTION("""COMPUTED_VALUE"""),82.0) -> 82 | B84: =IFERROR(__xludf.DUMMYFUNCTION("""COMPUTED_VALUE"""),"Thùng") -> Thùng | C84: =IFERROR(__xludf.DUMMYFUNCTION("""COMPUTED_VALUE"""),"THC0079") -> THC0079 | D84: =IFERROR(__xludf.DUMMYFUNCTION("""COMPUTED_VALUE"""),"Thùng dùng chung ABA 1kg (50x35x28.5cm) - Trắng") -> Thùng dùng chung ABA 1kg (50x35x28.5cm) - Trắng | E84: =IFERROR(__xludf.DUMMYFUNCTION("""COMPUTED_VALUE"""),"Leafroll 260SC") -> Leafroll 260SC | F84: =IFERROR(__xludf.DUMMYFUNCTION("""COMPUTED_VALUE"""),"HH0079") -> HH0079 | G84: =IFERROR(__xludf.DUMMYFUNCTION("""COMPUTED_VALUE"""),"IDA Global - I - 436 - Leafroll 260SC - 220ml - 40") -> IDA Global - I - 436 - Leafroll 260SC - 220ml - 40
A85: =IFERROR(__xludf.DUMMYFUNCTION("""COMPUTED_VALUE"""),83.0) -> 83 | B85: =IFERROR(__xludf.DUMMYFUNCTION("""COMPUTED_VALUE"""),"Thùng") -> Thùng | C85: =IFERROR(__xludf.DUMMYFUNCTION("""COMPUTED_VALUE"""),"THC0080") -> THC0080 | D85: =IFERROR(__xludf.DUMMYFUNCTION("""COMPUTED_VALUE"""),"Thùng dùng chung ABA Chai 250ml x 40 chai (53.5x33.5x15.5cm) - Trắng") -> Thùng dùng chung ABA Chai 250ml x 40 chai (53.5x33.5x15.5cm) - Trắng | E85: =IFERROR(__xludf.DUMMYFUNCTION("""COMPUTED_VALUE"""),"Creek 51WG") -> Creek 51WG | F85: =IFERROR(__xludf.DUMMYFUNCTION("""COMPUTED_VALUE"""),"HH0080") -> HH0080 | G85: =IFERROR(__xludf.DUMMYFUNCTION("""COMPUTED_VALUE"""),"IDA Global - I - 442 - Creek 51WG (Dạng cốm) - 30gr - 300") -> IDA Global - I - 442 - Creek 51WG (Dạng cốm) - 30gr - 300
A86: =IFERROR(__xludf.DUMMYFUNCTION("""COMPUTED_VALUE"""),84.0) -> 84 | B86: =IFERROR(__xludf.DUMMYFUNCTION("""COMPUTED_VALUE"""),"Thùng") -> Thùng | C86: =IFERROR(__xludf.DUMMYFUNCTION("""COMPUTED_VALUE"""),"THC0081") -> THC0081 | D86: =IFERROR(__xludf.DUMMYFUNCTION("""COMPUTED_VALUE"""),"Thùng Agritech chai HD 500ml x40 chai (62x37.5x19cm) - Trắng viền xanh dương") -> Thùng Agritech chai HD 500ml x40 chai (62x37.5x19cm) - Trắng viền xanh dương | E86: =IFERROR(__xludf.DUMMYFUNCTION("""COMPUTED_VALUE"""),"Creek 51WG") -> Creek 51WG | F86: =IFERROR(__xludf.DUMMYFUNCTION("""COMPUTED_VALUE"""),"HH0081") -> HH0081 | G86: =IFERROR(__xludf.DUMMYFUNCTION("""COMPUTED_VALUE"""),"IDA Global - I - 442.1 - Creek 51WG (mới) - 30gr - 300") -> IDA Global - I - 442.1 - Creek 51WG (mới) - 30gr - 300
A87: =IFERROR(__xludf.DUMMYFUNCTION("""COMPUTED_VALUE"""),85.0) -> 85 | B87: =IFERROR(__xludf.DUMMYFUNCTION("""COMPUTED_VALUE"""),"Thùng") -> Thùng | C87: =IFERROR(__xludf.DUMMYFUNCTION("""COMPUTED_VALUE"""),"THC0082") -> THC0082 | D87: =IFERROR(__xludf.DUMMYFUNCTION("""COMPUTED_VALUE"""),"Thùng Sen Hồng 100ml x100 chai (51x26x22cm) - Trắng viền xanh lá") -> Thùng Sen Hồng 100ml x100 chai (51x26x22cm) - Trắng viền xanh lá | E87: =IFERROR(__xludf.DUMMYFUNCTION("""COMPUTED_VALUE"""),"Creek 51WG") -> Creek 51WG | F87: =IFERROR(__xludf.DUMMYFUNCTION("""COMPUTED_VALUE"""),"HH0082") -> HH0082 | G87: =IFERROR(__xludf.DUMMYFUNCTION("""COMPUTED_VALUE"""),"IDA Global - I - 442.2 - Creek 51WG (mới) - 30gr - 300") -> IDA Global - I - 442.2 - Creek 51WG (mới) - 30gr - 300
A88: =IFERROR(__xludf.DUMMYFUNCTION("""COMPUTED_VALUE"""),86.0) -> 86 | B88: =IFERROR(__xludf.DUMMYFUNCTION("""COMPUTED_VALUE"""),"Thùng") -> Thùng | C88: =IFERROR(__xludf.DUMMYFUNCTION("""COMPUTED_VALUE"""),"THC0083") -> THC0083 | D88: =IFERROR(__xludf.DUMMYFUNCTION("""COMPUTED_VALUE"""),"Thùng Sen Hồng Chai 250ml x 40 chai (53x33x14.5cm) - Trắng viền xanh lá") -> Thùng Sen Hồng Chai 250ml x 40 chai (53x33x14.5cm) - Trắng viền xanh lá | E88: =IFERROR(__xludf.DUMMYFUNCTION("""COMPUTED_VALUE"""),"Creek 51WG") -> Creek 51WG | F88: =IFERROR(__xludf.DUMMYFUNCTION("""COMPUTED_VALUE"""),"HH0083") -> HH0083 | G88: =IFERROR(__xludf.DUMMYFUNCTION("""COMPUTED_VALUE"""),"IDA Global - I - 443 - Creek 51WG (Dạng cốm) - 150gr - 100") -> IDA Global - I - 443 - Creek 51WG (Dạng cốm) - 150gr - 100
A89: =IFERROR(__xludf.DUMMYFUNCTION("""COMPUTED_VALUE"""),87.0) -> 87 | B89: =IFERROR(__xludf.DUMMYFUNCTION("""COMPUTED_VALUE"""),"Thùng") -> Thùng | C89: =IFERROR(__xludf.DUMMYFUNCTION("""COMPUTED_VALUE"""),"THC0084") -> THC0084 | D89: =IFERROR(__xludf.DUMMYFUNCTION("""COMPUTED_VALUE"""),"Thùng Agritech can 5 Lít x 4 can (39x32x24cm) - Trắng viền xanh dương") -> Thùng Agritech can 5 Lít x 4 can (39x32x24cm) - Trắng viền xanh dương | E89: =IFERROR(__xludf.DUMMYFUNCTION("""COMPUTED_VALUE"""),"Creek 51WG") -> Creek 51WG | F89: =IFERROR(__xludf.DUMMYFUNCTION("""COMPUTED_VALUE"""),"HH0084") -> HH0084 | G89: =IFERROR(__xludf.DUMMYFUNCTION("""COMPUTED_VALUE"""),"IDA Global - I - 443.1 - Creek 51WG (Dạng cốm) - 150gr - 100") -> IDA Global - I - 443.1 - Creek 51WG (Dạng cốm) - 150gr - 100
A90: =IFERROR(__xludf.DUMMYFUNCTION("""COMPUTED_VALUE"""),88.0) -> 88 | B90: =IFERROR(__xludf.DUMMYFUNCTION("""COMPUTED_VALUE"""),"Thùng") -> Thùng | C90: =IFERROR(__xludf.DUMMYFUNCTION("""COMPUTED_VALUE"""),"THC0085") -> THC0085 | D90: =IFERROR(__xludf.DUMMYFUNCTION("""COMPUTED_VALUE"""),"Thùng NHP chai tròn 250ml x 40 chai ( 46x 30x18cm) - Trắng chữ xanh lá") -> Thùng NHP chai tròn 250ml x 40 chai ( 46x 30x18cm) - Trắng chữ xanh lá | E90: =IFERROR(__xludf.DUMMYFUNCTION("""COMPUTED_VALUE"""),"Solonapy 300SC") -> Solonapy 300SC | F90: =IFERROR(__xludf.DUMMYFUNCTION("""COMPUTED_VALUE"""),"HH0085") -> HH0085 | G90: =IFERROR(__xludf.DUMMYFUNCTION("""COMPUTED_VALUE"""),"IDA Global - I - 444 - Sức Mạnh Cá Mập 300 (PET) - 100ml - 100") -> IDA Global - I - 444 - Sức Mạnh Cá Mập 300 (PET) - 100ml - 100
A91: =IFERROR(__xludf.DUMMYFUNCTION("""COMPUTED_VALUE"""),89.0) -> 89 | B91: =IFERROR(__xludf.DUMMYFUNCTION("""COMPUTED_VALUE"""),"Thùng") -> Thùng | C91: =IFERROR(__xludf.DUMMYFUNCTION("""COMPUTED_VALUE"""),"THC0086") -> THC0086 | D91: =IFERROR(__xludf.DUMMYFUNCTION("""COMPUTED_VALUE"""),"Thùng Nano Fish can 5 Lít x 4 can (40.5x32.5x25cm) - Trắng") -> Thùng Nano Fish can 5 Lít x 4 can (40.5x32.5x25cm) - Trắng | E91: =IFERROR(__xludf.DUMMYFUNCTION("""COMPUTED_VALUE"""),"Solonapy 300SC") -> Solonapy 300SC | F91: =IFERROR(__xludf.DUMMYFUNCTION("""COMPUTED_VALUE"""),"HH0086") -> HH0086 | G91: =IFERROR(__xludf.DUMMYFUNCTION("""COMPUTED_VALUE"""),"IDA Global - I - 445 - Sức Mạnh Cá Mập 300 (PET) - 240ml - 40") -> IDA Global - I - 445 - Sức Mạnh Cá Mập 300 (PET) - 240ml - 40
A92: =IFERROR(__xludf.DUMMYFUNCTION("""COMPUTED_VALUE"""),90.0) -> 90 | B92: =IFERROR(__xludf.DUMMYFUNCTION("""COMPUTED_VALUE"""),"Thùng") -> Thùng | C92: =IFERROR(__xludf.DUMMYFUNCTION("""COMPUTED_VALUE"""),"THC0087") -> THC0087 | D92: =IFERROR(__xludf.DUMMYFUNCTION("""COMPUTED_VALUE"""),"Thùng NHP 100 (300) gói - (44.5x37.5x21) - Trắng chữ xanh lá") -> Thùng NHP 100 (300) gói - (44.5x37.5x21) - Trắng chữ xanh lá | E92: =IFERROR(__xludf.DUMMYFUNCTION("""COMPUTED_VALUE"""),"TVZEB 800WP") -> TVZEB 800WP | F92: =IFERROR(__xludf.DUMMYFUNCTION("""COMPUTED_VALUE"""),"HH0087") -> HH0087 | G92: =IFERROR(__xludf.DUMMYFUNCTION("""COMPUTED_VALUE"""),"GC - I - 447- AU - Mancozeb Xanh - 1kg - 20") -> GC - I - 447- AU - Mancozeb Xanh - 1kg - 20
A93: =IFERROR(__xludf.DUMMYFUNCTION("""COMPUTED_VALUE"""),91.0) -> 91 | B93: =IFERROR(__xludf.DUMMYFUNCTION("""COMPUTED_VALUE"""),"Thùng") -> Thùng | C93: =IFERROR(__xludf.DUMMYFUNCTION("""COMPUTED_VALUE"""),"THC0088") -> THC0088 | D93: =IFERROR(__xludf.DUMMYFUNCTION("""COMPUTED_VALUE"""),"Thùng dùng chunng PEST chai 900ml x 20 chai (48x37.5x23.3cm) - Nâu") -> Thùng dùng chunng PEST chai 900ml x 20 chai (48x37.5x23.3cm) - Nâu | E93: =IFERROR(__xludf.DUMMYFUNCTION("""COMPUTED_VALUE"""),"TVZEB 800WP") -> TVZEB 800WP | F93: =IFERROR(__xludf.DUMMYFUNCTION("""COMPUTED_VALUE"""),"HH0088") -> HH0088 | G93: =IFERROR(__xludf.DUMMYFUNCTION("""COMPUTED_VALUE"""),"GC - I - 447- AU - Mancozeb Xanh - 1kg - 20") -> GC - I - 447- AU - Mancozeb Xanh - 1kg - 20
A94: =IFERROR(__xludf.DUMMYFUNCTION("""COMPUTED_VALUE"""),92.0) -> 92 | B94: =IFERROR(__xludf.DUMMYFUNCTION("""COMPUTED_VALUE"""),"Thùng") -> Thùng | C94: =IFERROR(__xludf.DUMMYFUNCTION("""COMPUTED_VALUE"""),"THI0089") -> THI0089 | D94: =IFERROR(__xludf.DUMMYFUNCTION("""COMPUTED_VALUE"""),"Thùng IDA chai vuông 450ml, 480ml, 500ml x 40 chai (42x36x22.5cm) - Xanh lá") -> Thùng IDA chai vuông 450ml, 480ml, 500ml x 40 chai (42x36x22.5cm) - Xanh lá | E94: =IFERROR(__xludf.DUMMYFUNCTION("""COMPUTED_VALUE"""),"TVZEB 800WP") -> TVZEB 800WP | F94: =IFERROR(__xludf.DUMMYFUNCTION("""COMPUTED_VALUE"""),"HH0089") -> HH0089 | G94: =IFERROR(__xludf.DUMMYFUNCTION("""COMPUTED_VALUE"""),"GC - 448 - I - Thiên Di - Mancozeb Xanh (Nhãn xanh Lá) - 100gr - 100") -> GC - 448 - I - Thiên Di - Mancozeb Xanh (Nhãn xanh Lá) - 100gr - 100
